id;филиал;автор;оценка;дата;подтверждён;лайки;текст
297392819;На Шайкенова;Eduard;1;2026-09-17;да;0;"Хотели сделать заказ в 23:20 отказали, сказали касса закрыта и кухня тоже.
Хотя написано до 00:00 часов работает заведение.
Всегда заказывали только тут, разочаровали"
297390976;На Шайкенова;Bagdat Kuandyk;1;2026-09-17;да;0;Бургер ужас. Тонкая котлета и большая булка. Вкуса мясо нет совсем.
296533904;На Шайкенова;shpok b;5;2026-09-13;да;0;Кассирша қыз Аянат 👍🏻👍🏻 премияға лайық қыз екен
294506220;На Шайкенова;Нұргұл Утаралинова;1;2026-09-05;да;0;Были разочарованы донером( не тот вкус которым был изначально,не тот соус много толи томата то ли кетчупа горелый вкус,сами не рады были что пришли,может у вас поменялся повар?! У вас на протежении нескольких лет была одна рецептура,прошу взять на заметку
273990951;На Шайкенова;Rasul Bolat;1;2026-08-30;да;0;Нашар
273990551;На Шайкенова;Mirat Faizolla;3;2026-08-30;да;0;Хороши
267801355;На Шайкенова;Valet .;2;2026-08-12;да;0;Заказывали донеры, один пришел горелый другой к сожалению на конце порванный начинка была в пакете, на вкус ± нормально но очень чувствуется горелый вкус, конечно обидно что ты платишь полную цену за донер а тебе приходит горелый кусок, можно было и заменить
267462131;На Шайкенова;Нургуль Филипова;5;2026-08-11;да;0;Спасибо моим девочкам за соус в подарок! Всегда беру только у них. Хороший сервис, администратор отзывчивый всегда тоже! Качество с годами только лучше! Надеюсь вы всегда будете держать высокую планку
265645196;На Шайкенова;Алихан Арманулы;5;2026-08-06;да;0;"Имба донеры и цены тоже уместные, короче хотите быть крутым как Сагой то приходите сюда
Интерьер тоже отлично качественная мебель и столы комфортные"
264233376;На Шайкенова;Serzh Sam;2;2026-08-03;да;0;С курицей норм. Фарш говяжий вонючий.
263898212;На Шайкенова;Динара Букаева;5;2026-08-02;да;0;Огромное спасибо все вкусно и самое главное оперативно. Аянат умничка просто, все сделала как мы и просили 😍👍
263892124;На Шайкенова;Rasul Taimaskhanov;5;2026-08-02;да;0;"кассирша Аянат
 отлично выполняет свою работу классная девушка😍😍👍👍"
263878033;На Шайкенова;aya 🐰;5;2026-08-02;да;0;ну очеень вкусно и девушка на кассе Аянат очень хорошая классная добрая умная красивая 👍🏻 Сервис 😎👍🏻
263451770;На Шайкенова;Бейбарыс Санак;5;2026-07-31;да;0;"Все четко👍🏽😍😍
Донерлары да, бургерлері де дәмді✊🏽✊🏽"
261030617;На Шайкенова;Артем Майер;5;2026-07-24;да;0;Очень вкусные донеры, особенно Добер Стар. Порции большие, сытные, сочные. 100% рекомендую данное место
260093995;На Шайкенова;Альбина Калыбайкызы;5;2026-07-21;да;0;Іші таза, обслужка, интерьер, бәрі күштіі. Бірнеше рет бардық, біздін любимое место🔥
259410465;На Шайкенова;Virus 🦠 🍤;5;2026-07-18;да;0;Интерьер красивый запах отпад и очень вкусно готовят все чисто и аккуратно всем советую
259266456;На Шайкенова;Kkkkkkk Kk;5;2026-07-18;да;0;Очень вкусно 🔥🔥🔥
258832917;На Шайкенова;Nikolai;5;2026-07-16;да;0;За чисто по братский, и донер снёс бошку как вертушка джеки чана
258106995;На Шайкенова;Inara 🤎;5;2026-07-14;да;0;Бургеры нереально вкусные и сочные 😍😍💔💔
257798814;На Шайкенова;Adil Yerdauletov;5;2026-07-13;да;0;Сегодня был тут донеры офигенный как всегда на высшем уровне 😘 Так же девушка на кассе сегодня очень вежливая раньше стояли чисто русско говорящие она сегодня и саламатсыз ба и здравствуйте как вам удобно спросила .Благодарность Аянат ). Сервис клиентоориентированность 🔥🔥 Успехов вам . Так же был флаг казахстана на кассе 👏🏻👏🏻
257748734;На Шайкенова;Рахымжан Маратулы;4;2026-07-12;да;0;Заказывал 2 донера «Ассорти», а по акции через Kaida App получил еще один куриный донер в подарок (2+1). В целом всё понравилось: донеры вкусные, сытные, ингредиенты свежие. Единственное, что немного испортило впечатление — помидоры, они не совсем подошли по вкусу. В остальном всё отлично, обязательно закажу ещё!
257109710;На Шайкенова;Анастасия Косметолог;1;2026-07-10;да;0;Сегодня взяла 2 бургера, булочки не свежие, весь кайф обломали таким обедом. За такие деньги лучше бы 2 порции шашлыка купила 🤣
253752162;На Шайкенова;. alikhaan;5;2026-06-28;да;0;Донер дерзкий әдемі дәмі
251762840;На Шайкенова;Нурхан Ерланулы;5;2026-06-21;да;0;Оте дамді донер
249121698;На Шайкенова;Дамир Тайгаков;5;2026-06-10;да;0;Лучшие донеры не понимаю как я раньше ел в другим местах соуса в донерах супер не понимаю людей которым не понравились у них нету вкуса походу
247566391;На Шайкенова;Гульпари Байбусинова;5;2026-06-04;да;0;Обалденые донеры , мы всегда покупаем, и каждый раз раз разные, они реально вкусные, сочные, и персонал очень вежливый и приветливый, в помещении чисто и аккуратно место уютное
246956204;На Шайкенова;erzkeew;1;2026-06-02;да;0;не советую свою цену не оправдывает плюс вообще не вкусно
245950455;На Шайкенова;Zeynep Malkenova;5;2026-05-29;да;0;Очень вкусно 🥰🥰
245276551;На Шайкенова;Akx;5;2026-05-27;да;0;Соус 🔥🔥🔥
243603314;На Шайкенова;Gulbinaz Askar;5;2026-05-19;да;0;Лучшие бургеры, которые я когда-либо пробывала! Вы обязаны стать известными на широкую общественность. А про Стафф я молчу, очень хорошие отношение к клиентам
242264212;На Шайкенова;Nata Lie;5;2026-05-13;да;0;Очень вкусные донеры курочка просто вау, быстрая доставка, очень рекомендую
240565020;На Шайкенова;Zhaina Zhalgasbaikyzy;5;2026-05-05;да;0;Бургеры обалденные😍 и доставка быстрая, очень вкусно и быстро 🫶🏻🫶🏻🫶🏻🫶🏻🫶🏻🫶🏻
240405162;На Шайкенова;Amirzhan Batyrkhanov;1;2026-05-04;да;0;Не вкусно
239880423;На Шайкенова;Габит Али;5;2026-05-02;да;0;"Хотел поблагодарить Повар Елена за вкусный Донер 
Вкус оправдал себя до последней копейки 
Также хочу сказать огромное спасибо Кассиру Томирис за профессиональный подход к каждому клиенту 
И официант Жансая за их работу"
237990065;На Шайкенова;Лаура Касенбаева;5;2026-04-24;да;0;Заказали бургер — в целом остались довольны! Очень вкусный, сочный, свежие ингредиенты, булочка мягкая, всё аккуратно упаковано. Единственный небольшой минус — котлетка показалась тонковатой, хотелось бы чуть побольше. Но вкус всё равно отличный, обязательно закажем ещё! 🍔✨
236434664;На Шайкенова;Памятники в Актобе Red Stone;5;2026-04-16;да;0;"Съедены даже крошки божественно хрустящего лаваша. Курочка сочная, картошка идеально пожарена, соус 🤤 
Ну и щепотка пиратского характера добила😁
Ооочень вкусно 😋 было!"
235602021;На Шайкенова;Назар Минсейтов;5;2026-04-12;да;0;Готовят с молниеносной скоростью, очень вкусные донеры и приличные цены, в общем класс!
235610540;На Шайкенова;Рита Е;5;2026-04-12;да;0;Самые вкусные донеры тут, хотела фото оставить, но все съела!
233174356;На Шайкенова;Guldana Meralina;5;2026-04-01;да;0;Наше любимое место 💖
232857090;На Шайкенова;Анастасия Шевчук;5;2026-03-31;да;0;"Спасибо большое доставка очень быстрая. Сервис 👏👏👏 
Большой донер Начинки много, вкусно очень. Спасибо 😊😊"
232186967;На Шайкенова;Сандугаш Жаксылыкова;5;2026-03-28;да;0;Заказала шаверму с овощами, было обалденно вкусно и сочно 😍 и компот на вкус такой качественный, прям как компот а не вода
232065748;На Шайкенова;Яна Хофманн;5;2026-03-27;да;0;лучшая донерная, положили подарок тоже очень приятно 🤍🤍 и донеры как всегда лучшие
231140674;На Шайкенова;Аяжан Аралбай;5;2026-03-24;да;0;спустя 3 года снова зашла сюда за донером и вкус остался таким же, как раньше! 👍 Как тогда нравилось, так и сейчас порадовало. Респект за то, что держите качество на уровне🥹❤️
230109914;На Шайкенова;Сымбат Есенова;5;2026-03-19;да;0;"Очеенннь вкусно 🥹🥹 спасибо вам большое, мне настроение подняли 🙈 подарочек положили прям очень приятно🫶🏻🫶🏻
💯"
225575532;На Шайкенова;Татьяна Попкова;3;2026-03-02;да;0;"К сожалению, остался неприятный опыт. В деш был обнаружен волос, официанту сообщили, но ситуация была проигнорирована. Ожидала хотя бы извинений или попытки решить вопрос.
1 марта в 16:35 пришлось доедать с отвращением деньги ведь оплачены,"
225465071;На Шайкенова;amirr;5;2026-03-01;да;0;Лучшая донерная города, очень советую
225360287;На Шайкенова;Dini;5;2026-03-01;да;0;Очень вкусно всем рекомендую
225117254;На Шайкенова;Валентина Вишнёвенькая;5;2026-02-27;да;0;"Здравствуйте! Впервые была в этом заведении. Порадовал интерьер, приятный взору, подставка под телефон, вешалка на стене, очень уютное местечко. Очень милая и приятная девушка Томирис помогла с выбором, меню разнообразное. Советую всем заглянуть 
Я заказывала бургер говяжий, Донер Доберман и деревенскую картошку, соус вкусный Сладкий чили. 
Стоимость не помню, но я заплатила где-то 4500 - 5000. И еще скидка 10%.фото бургера нет , забыла сфотографировать. Но могу заверить, что было вкусно😋"
221299539;На Шайкенова;Крестина Бондаренко;5;2026-02-23;да;0;"Все супер! Вкусно, быстро, качественно! 
Отдельное спасибо за вкусный подарочек! ❤️"
221060940;На Шайкенова;Ramina22072016 Ramina;1;2026-02-22;да;0;Всегда брали донер мексиканский. Сегодня прям разочаровалась. В основном фри. В общем ужасно.
220821468;На Шайкенова;Ерке 🤍;5;2026-02-21;да;0;Обожаю это заведение , просто кассир не грубая добрая вежливо помогла нам и сама очень красивая славянской внешности.Также приготовили очень быстро, еда сочная свежая , горячая просто идеально, до него ждали заказ с другого заведения и в итоге не принесли, решили зайти и не пожалели, а также играла приятная музыка и был необычный дизайн, как будто у себя дома очень комфортно, я обожаю это заведение , и их персонал🤍
220284793;На Шайкенова;Аян Достанов;5;2026-02-18;да;0;Донер еще не пробовал но пять звезд за подставки под телефон!!! Спасибо большое, на каждом столе подставка. Вроде мелочь но оооочень нужная вещь! Шя донер поем еще добавлю. Да и за вешалки для вещей тоже спасибо
219831949;На Шайкенова;Aru _;5;2026-02-17;да;0;Өте дәмді донер. Маған ұнады, барлықтарыңызға кеңес беремін. Өз бағасына тұрарлық. Үнемі осы жерден аламын
219830738;На Шайкенова;Arai Aizhigitova🤍;5;2026-02-17;да;0;самый лучший фаст фуд, всем советую, быстрая доставка,всегда здесь заказываю
219331177;На Шайкенова;Nurlan Salimkerey;5;2026-02-14;да;0;Очень вкусно. Спасибо. Доставка быстрая
217556519;На Шайкенова;Ri Ri;1;2026-02-07;нет;0;Вообще невкусная кухня 👎🏻
216253176;На Шайкенова;Алишер Шектибаев;5;2026-02-02;да;0;"заказали на доставку, привезли быстро, все в лучшем виде
донеры, бургеры топ🔥🔥🔥"
213830430;На Шайкенова;Александра Жаркова;5;2026-01-22;да;0;Очень сочные вкусные Донеры,и быстрая доставка 👍
212657998;На Шайкенова;Мержан Aktobe;5;2026-01-17;да;0;Самые вкусные и сочные бругеры в городе я считаю, доставили быстро 👍🏻
212359183;На Шайкенова;Ss Ss;5;2026-01-16;да;0;😋
211976787;На Шайкенова;Настя Урясова;5;2026-01-13;да;0;Бургеры пушка, очень вкусные, особенно «ласковый м*рзавец». Обслуживание отличное, приготовили очень быстро.
211962383;На Шайкенова;Игорь Фурт;5;2026-01-13;да;0;Самый лучший фаст фуд, в любой точке
211718068;На Шайкенова;🇰🇿 🖤;5;2026-01-12;да;0;Очень вкусно!Донеры сочные, пицца отличная, а «Ласковый мерз...» — просто топ, беру не в первый раз. Обслуживание приятное, всё быстро и с душой. Рекомендую!
211323773;На Шайкенова;Александр Моргун;5;2026-01-10;да;0;Отличные донеры, качество всегда на высоте, держат марку с момента открытия!
211323373;На Шайкенова;Sasha Shirik;5;2026-01-10;да;0;Сфоткать не успели но уверяю вас что новинка которая недавно вышла в добере донер ,очень вкусная ,не на любителя а прям реально вкусно. Нам очень понравилось,если вы даже в первый раз ,начните с нее и не пожалеете. Сервис 10/10.
211254640;На Шайкенова;Жанна Мукатова;5;2026-01-10;да;0;"Самый лучший и вкусный донер заказала сегодня и заказывю не раз 
Мне очень понравилось донер прям хрустящий лаваш и сочный спасибо 🌷💗"
211061306;На Шайкенова;Gulnaz Bekmagambetova;5;2026-01-09;да;0;Очень вкусно спасибо большое. Персонал вежливый всем советую 🥰
210645678;На Шайкенова;бека касмда;1;2026-01-07;нет;0;донер өте жаман іші салат болып жатыр
209903142;На Шайкенова;Asiya Utali;3;2026-01-03;нет;0;Совсем не вкусно стало. Котлета в Донере как будто из ливера. Дети даже половину не доели. Мы попробовали и тоже совсем не понравилось. Бургеры тоже хуже стали. 10 с лишним тысяч за заказ, а поели нормально только фри. Брали до этого осенью на заказ, тогда ещё норм было.
209638390;На Шайкенова;Adema;5;2026-01-01;да;0;Самая вкусная картошка фри и суперский донер😋
209488414;На Шайкенова;Raul Zidane;1;2025-12-31;да;0;"Жалған акция. Барсаң бітті дейді. Бірақ инстада акция деп тұр. Уже екі рет солай болды. Қыста әрең барғанда, обломали так:(
Мен шынымен бардым! Модератор хватит блокировать"
209275069;На Шайкенова;Анастасия Руд;5;2025-12-30;да;0;Очень вкусные,горячие донеры большой выбор, быстрая доставка. Спасибо за записку с поздравлением очень приятно 😍😍😍🔥🔥🔥 я очень рада что нашла именно ВАС 🔥🔥🔥🔥🔥С Наступающим Новым годом процветания вам и больше клиентов ❤️❤️❤️❤️
208965612;На Шайкенова;Малика Таужанова;5;2025-12-28;да;0;Заказываю не в первый раз. Все всегда 😋 😋 😋. 👍👍👍 Процветания Вам🥰🥰🥰🥰
208823168;На Шайкенова;Руслан Корицкий;5;2025-12-27;да;0;Очень вкусно
206179712;На Шайкенова;Erbol Beisenbekov;5;2025-12-16;да;0;Дәмді !
205646192;На Шайкенова;Эльмира Шотова;5;2025-12-14;да;0;Вроде бы в интеръере ничего необычного но такие мелочи как зарядное устройство,подставка под телефон и интересные и разносторонний постеры умиляет и радует 😍Что касается кухни бургеры Сочные и МоЩные❤️‍🔥❤️‍🔥❤️‍🔥😍😍😍
205645290;На Шайкенова;алияляля 😛;5;2025-12-13;да;0;потрясающее заведение, бургеры бомба (особенно доберман) 🔥🔥🔥
202279395;На Шайкенова;Мария .;5;2025-11-26;да;0;Наши самые любимые,их рисуночки это отдельное удовольствие ❤️ спасибо что вы есть))
202187859;На Шайкенова;Rigina Kharlamova;5;2025-11-26;да;0;Считаю что лучшее заведение в городе, Всей семьей любим ваши донеры, невероятно вкусные. Отдельное спасибо Виктории, очень быстро отвечает на сообщения, оперативно решила нашу проблему, вежливая и очень понимающая девушка❤️
202132014;На Шайкенова;Шахонти;5;2025-11-25;да;0;"Бургеры просто без слов,сочные😍
Особенно doberman бургер 
Советуююю"
201620608;На Шайкенова;Вячеслав Яровой;5;2025-11-23;да;0;Донер вкусный, место хорошее. Приятно и посидеть, обстановка располагает и еда очень вкусная. Особо отмечу, что фри достойное
201563003;На Шайкенова;Ivan Ivanov;5;2025-11-23;да;0;"Вкусная еда
Свежие продукты 
Большой выбор 
Хорошая доставка 
Очень красивые рисунки 

Хотелось бы, что бы дэшей было больше в наличии"
201499968;На Шайкенова;Mадина Маратова;5;2025-11-22;да;0;Очень вкусный кассир арайлым хорошо обслуживает
200979941;На Шайкенова;Tasbolat Srazhadin;5;2025-11-20;да;0;TOP ❤️
199328329;На Шайкенова;Didar .;5;2025-11-12;да;0;Самый вкусный бургеры и донеры и отличный сервис
199169668;На Шайкенова;зульфия есендиярова;1;2025-11-12;нет;0;В донере волос, вот такой у них сервис на доставку.
198628683;На Шайкенова;Ербол Д;2;2025-11-10;нет;0;Донер не вкусный
198279880;На Шайкенова;Manas Nurlan;5;2025-11-08;да;0;Четко четко
198223552;На Шайкенова;Гульнур Аманбаева;5;2025-11-07;да;0;Заказала бургер и фри (очень вкусные ) и была в шоке 🥰 положили пиццу которое у них сейчас в тренде в подарок ( была очень рада конечно за сюрприз)❤️ оооочень ну оооочень вкусное , спасибо Большое Вам ❤️ процветание и конечно же по больше клиентов (гостей) , отдельное благодарность Томирис ❤️❤️❤️ , Томирис ты супер ❤️ . С уважением Гульнур ( тоже работаю в общепите Администратором 🤭)
195485540;На Шайкенова;Nurik .;5;2025-10-26;да;0;Очень вкусно,не заставели много ждать за свои деньги вкусно
195323002;На Шайкенова;Мимо Крокодил;5;2025-10-25;да;0;Лучшие бургеры в городе
195189164;На Шайкенова;Самат Каракулов;5;2025-10-25;да;0;Всё понравилось, лучшие донеры и бургеры в городе 💥💥💥
195188832;На Шайкенова;Бектас;5;2025-10-25;да;0;Все очень вкусно быстро советую! Молодцы 👏
194523786;На Шайкенова;Милде Конопля;5;2025-10-21;да;0;Если бы можно было поставить больше звёзд я бы поставила, всегда все вкусное и с милыми картинками💞💞💞💞💞
194327224;На Шайкенова;Виктория Лащенко;5;2025-10-21;да;0;Вежливый персонал,свежие ингредиенты.Вкусно,сочно.Прислушиваются к пожеланиям клиентов.Сыр внутри хорошо расплавленный,то есть донеры хорошо прогревают,для нас это важно,есть горячий донер а не тяп ляп ,как у нас любят делать в других заведениях.Спасибо ребятам за вкусный ужин и хорошее настроение!Покупали 20.10.25 в 11 мкр.
193075666;На Шайкенова;Раймбаев Данат;4;2025-10-16;да;0;Шаурма сиякты, но очень сочная
192856083;На Шайкенова;Apple User;5;2025-10-14;да;0;Емааааа бургер Теееема 😋😋😋😋😋😋Сочный,вкусный.Донер фри👍🏼👍🏼👍🏼Молодцы😍
192403727;На Шайкенова;Heoliks 🪽;5;2025-10-13;да;0;Супер администратор на позитиве и на волне с клиентами , быстрая доставка и вежливый курьер , интерьер супер , самое главное вкусная еда и свежие продукты , простите видео нет но потом добавлю😁😁😁🥰
191749198;На Шайкенова;Arman4ik.04 ♥️;4;2025-10-09;да;0;Жансая кассирша маладетс ұнады бәрі ❤️🫶🏻🤝
191790808;На Шайкенова;Ислам Кожаков;1;2025-10-09;нет;0;Невкусно 👎👎🏻👎🏼👎🏽👎🏾👎🏿
191571351;На Шайкенова;NotTakenYet 🌚;5;2025-10-08;да;0;Для любителей необычного сразу сюда. Разные виды донеров и шаурмы. Классные бургеры и доберсы все афигенно.
190888151;На Шайкенова;City spirit;5;2025-10-05;да;0;Бургеры и донеры здесь самые лучшие в городе😋Вкуснее я не встречала.Шаурму еще попробовать не удалось,но я обязательно вернусь к вам.Так держать,девчонки очень приветливые на кассе🫶
190722618;На Шайкенова;Abat Zxakov;5;2025-10-04;да;0;Самый вкусный донер — Добер донер 💥 Касса заслуживает премию за счастье в лаваше 😎🔥 Сервис вежливыи персонал
190648201;На Шайкенова;Esik Esa;5;2025-10-04;да;0;Все понравилось. Спасибо. Бургеры топ.
190560916;На Шайкенова;Kate Wolfovna;2;2025-10-04;да;0;"Бургер с говядиной невозможно есть, фарш внутри отвратительный и не прожевывается весь, попадаются жилы. 
Чикен очень сухой и немного подгорелый."
185413390;На Шайкенова;Zholtay •;5;2025-09-09;да;0;Приятные и доступные цены, большой ассортимент в меню, очень вежливый, отзывчивый и гостеприимный персонал, большие порции и очень вкусная кухня
180039748;На Шайкенова;Айжан Амангусова;5;2025-08-21;да;0;Заказываем с открытия.Спасибо всегда всё очень вкусно.Вежливый персонал.Ребята с доставки тоже молодцы.Привезут,занесут и приятного аппетита пожелают.Вообще и в общем всё супер.И конечно же отдельное спасибо за подарочки.
179351523;На Шайкенова;Мейрамбек Рзаев;5;2025-08-17;да;0;Dober doner спасибо. Было очень вкусно. Шаверма за 1500тг. Честно наелся от души. Очень доволен.
179086814;На Шайкенова;s esengosuly_;5;2025-08-16;да;0;Вкуснооо 10/♾️ ❤️
177909674;На Шайкенова;Red Fox;5;2025-08-11;да;0;"Самые лучшие ❤️
Вкусные донеры , особенно мексиканский и грибной!"
177169385;На Шайкенова;Владимир Шабаев;5;2025-08-07;да;0;Хорошее заведение, приятные общительные люди.Большой выбор Фаст фуда. Особенно нравится шаверма. Всегда вкусно и сытно.
175635792;На Шайкенова;""" saintlaurel """;5;2025-07-31;да;0;Очень вкусные донеры, сервис отличный и приятный, доставка быстрая и отвечают также быстро все очень понравилось и ещё подарок положили
174000325;На Шайкенова;камш 🌝;5;2025-07-24;да;0;Вкусно, быстро. Сервис 10/10
173591968;На Шайкенова;Alina 🤍;5;2025-07-22;да;0;Персонал хороший, очень уютно. Есть все удобства для клиентов :уайфай,зарядка, конфеты. Все понравилось
171983027;На Шайкенова;Гульназ Куан;1;2025-07-15;нет;0;"Заказала мини донер с говядиной. Обслуживание было нормальное, да и приготовили довольно быстро. В этом плане всё хорошо. Атмосфера в зале уютная.
Но вот когда принесли, ТО было большое разочарование. Ведь оно блестело маслом, такого не должно быть. 
Теперь ко вкусу всё солёное, в буквальном смысле. Соус аналогично солёный, плюс солёный огурец. Зачем? Это всё привело к тому что весь донер был солёным. Так ещё сам донер разваливается когда ешь. В общем чек вышел в 4650. Сама картошка была полностью в соли. В составе донера не был указан ИМЕННО солёный огурец."
170694952;На Шайкенова;Miras Malik;1;2025-07-10;нет;0;Заказать еду работают до 3ч заказ был в 2 10 отказались делать заказ и сказали обслуживание этом только через час ожидания когда уже нечего не работет ужасный сервис
170242288;На Шайкенова;Марк Антипов;5;2025-07-08;да;0;Заказывал донер чими-чури с курицей, понравился. Хотел сначала ассорти, но кассир предупредила, что говядина - фарш, благодарен ей за это, не очень люблю фарш в донере. Меню в целом достойно уважения и шавермы с разными вариациями овощей и соуса, и даже вегетарианский с грибами. Держите марку!
170241229;На Шайкенова;Настя В;5;2025-07-08;да;0;Не часто едим Фастфуд, но если чего хочется такого, то заказываем именно здесь, всегда быстро и вкусно готовят, соус не вытекает от избытка отовсюду, как бывает в некоторых других донерных. На Ватсапп отвечают оперативно, чаще делаем предзаказ на самовывоз, всегда всё корректно и четко! Отличное место со вкусным меню!
170039553;На Шайкенова;Markus Bernet;1;2025-07-07;нет;0;Сервис вообще ужас. Пришли заказали донер, доберсы,фри и бургер там же и покушать. Все принесли кроме донера. Прождали 25 минут а бургера нет! Пошли разбираться где бургер а его даже и не готовили! С недовольным выражением мы сделаем возврат денег за бургер. Я и виноват получается что они забыли. Нет все бывает, например заказов много, самое интересное что мы были одни в зале. Хоть бы извенились но нет. Когда уже научатся сервису обслуживание. Не БЕСПЛАТНО ЗАКАЗЫВАЕМ ЕДУ. БОЛЬШЕ В ДОБЕР ДОНЕР НЕ ПРИДУ! И кстати фри очень жирные со вкусом старого масла.
168814771;На Шайкенова;Azamat K;1;2025-07-02;да;0;Пару лет не кушал донер, проезжал захотелось. Не понятно почему такой высокий рейтинг, покупал ассорти с сыром 02 июля. Лаваш был как прошлогодний, а соус кислым.
168769978;На Шайкенова;Aizhan Ism;1;2025-07-01;нет;0;Раньше донер был намного вкуснее, сейчас соуса стало мало, суховато, вкус уже не тот. И при этом ещё и цену подняли. Разочарована.
168262781;На Шайкенова;Светлана Торсунова;5;2025-06-29;да;0;Заказывали бургеры, очень быстро приготовили. Вкусные, свежие. Советую 👍👍
168041108;На Шайкенова;G Z;5;2025-06-28;да;0;Очень вкусно, спасибо. Мы в городе проездом, посоветовали Ваш Донер. Заказали не острый вариант👍🏻.
167912866;На Шайкенова;Сауле Нурдаулетова;5;2025-06-27;да;0;Очень вкусно, обслужевание хорошее, заведение уютное
167491147;На Шайкенова;Shatalova Dasha;5;2025-06-25;да;0;Все очень вкусно, персонал добрый
167490865;На Шайкенова;Алина A;5;2025-06-25;да;0;уютно, чисто
166902325;На Шайкенова;Ярик .;5;2025-06-22;да;0;Топ место , очень вкусное , за хайзерберга 5 звёзд
165517998;На Шайкенова;Алишер Тукаев;5;2025-06-17;да;0;Шаурма огонь🔥🔥🔥
165664222;На Шайкенова;Чингиз Талгатов;1;2025-06-17;нет;0;Ужасное обслуживание взяли заказ ждали пол часа а у них сломалось оборудование и они об этом не говорят остались голодные
160824592;На Шайкенова;Apple User;5;2025-05-26;да;0;"Вкусно, быстро и за подарочек спасибо🥰
Заказываем только у вас!"
160816768;На Шайкенова;Артур Утиха;4;2025-05-26;да;0;"Очень вкусный,но дали немного холодным(
Поэтому 5 не могу поставить,а так получше чем во многих местах"
160698691;На Шайкенова;Андрюха Юсупович;5;2025-05-26;да;0;Очень вкусно всем советую очень добрый персонал,мне все понравилось всем советую
160690884;На Шайкенова;Надежда Викторовна;5;2025-05-26;да;0;Самый вкусный донер! Пробовали много где, но лучший тут! Рекомендую.
160652725;На Шайкенова;City spirit;5;2025-05-25;да;0;Фирменный Донер топ,советую всем
160150883;На Шайкенова;елдос сарманов;3;2025-05-23;нет;0;персонал отличный но донер саленный
159193593;На Шайкенова;Р К;5;2025-05-18;да;0;Очень вкусные донеры и бургеры!
158597284;На Шайкенова;Мари Веневцева;5;2025-05-16;да;0;В восторге от ваших бургеров , спасибо , так держать 🫶🏻
158742438;На Шайкенова;thv v;3;2025-05-16;нет;0;"Құрбым кеңес беріп келген болатынмын осында.
Бургердің булочкасы ұнамады,еті аз бургердің емес соус пен саңырауқұлақтың дәмі қатты шығады."
156376556;На Шайкенова;Катюша ☆ ✔;1;2025-05-04;нет;0;"Нужно очень постараться чтобы меня заставить написать плохой отзыв. 
Кажется повару на столько пофигу что готовить, что он в лаваш закинул полностью горелую картошку с кожей вареной курицей, капусты грамм,""фирменный"" Сделав замечание проигнорировали и посмеялись за стеной. Ужасное отношение. Испортили настроение и аппетит, выброшенные деньги очень обидно, всегда нравилось с улыбкой уходили а сейчас испортились нет слов 😔"
155524730;На Шайкенова;Дарья 🪽;5;2025-04-30;да;0;Зашли 4 дня назад на обед ,взяли шаверму и все таки решили добраться до новинки ДЭШ.. блин жалеем только о том что не решились раньше прийти, грибной обедоносец просто бомба. Благодарю девчат на кассе и повара за вашу внимательность и вкусноту❤️
155503249;На Шайкенова;Стася ❤️;5;2025-04-30;да;0;Посетили Добер Донер — и это было прямо вау. До этого заказывали на доставку. Всё свежее, мясо сочное, соусы в тему, порции щедрые. Была не любителем донеров до того как не попробовали здесь. Видно, что делают с душой, а не абы как. Если ищете реально вкусный донер вам сюда
154477739;На Шайкенова;Нургиса Жаркынбаев;5;2025-04-26;да;0;"Спасибо за подарок Добермания 
Было вкусно 👍 всем советую"
154046331;На Шайкенова;Яна Цокало;5;2025-04-23;да;0;"Часто беру тут донеры, все нравится 
Но сегодня был суховат, соуса маловато 😅"
152892036;На Шайкенова;Правду Несущий;1;2025-04-18;да;0;"После их донера заболел ДИЗЕНТЕРИЕЙ!!!! болезнью грязных рук!!! Впервые в жизни!!! 
Спасибо за незабываемое двухдневное рандеву с туалетом, надеюсь будет возмещение страданий если порядочные люди."
152579308;На Шайкенова;Adil Suleimen;1;2025-04-16;нет;0;Рядом сними еще 3 доенерки, посмотрел отзывы и рейтинг решил попробовать здесь, вообщем не советую, фри сгоревшее черное плюс еще запах немытой курицы, это 100% накрученные отзывы
152318850;На Шайкенова;Дарья Хорошайло;5;2025-04-15;да;0;Всегда все очень вкусно , быстрая доставка 👌🏻
151946534;На Шайкенова;Bager Takers;5;2025-04-13;да;0;Самые вкусные донеры только в добер Донерке
151946393;На Шайкенова;Den;5;2025-04-13;да;0;Очень вкусно, быстро и качественно
151946306;На Шайкенова;Armen4kkk;5;2025-04-13;да;0;"хороший интерьер, великолепный персонал, вкусная кухня
местом очень доволен 👍🏻"
151945185;На Шайкенова;Ольга Голдобина;5;2025-04-13;да;0;Очень вкусно, быстро, обслуживание хорошее, донеры просто вау😊
151944710;На Шайкенова;Городская легенда;5;2025-04-13;да;0;Вкусные донеры
150767836;На Шайкенова;Камила Алдамжарова;1;2025-04-08;да;0;заказала чикен в медово-чесночном соусе, но подали просто в соусе кисло-сладком от Amoy, ни медом ни чесночком и близко не пахло, администратор на вопрос почему такая подача, ответил «ну мы так подаем», спросив почему заранее не предупреждаете, ответил «извините, проработаем с кассирами», то есть вопрос остался не решенным, и столы не протирают 😪
150682304;На Шайкенова;Ботагоз Бердыбай;5;2025-04-07;да;0;"Доставка быстра , персонал вежливый , положили приятный презент 😊
Донеры вкусные 
Все на высшем уровне 🔝"
149088423;На Шайкенова;Black Mamba;5;2025-04-01;да;0;Очень нравится шаверма💥
148229168;На Шайкенова;Еркош Кукуш;5;2025-03-28;да;0;Фирменный донер советую всем. Готовится быстро и вкусно. Обслуживание вполне себе хорошо. Сеть не ловит единственный минус большой. А так все хорошо
147902299;На Шайкенова;Akzhanay🤍;5;2025-03-27;да;0;Күшті
147854819;На Шайкенова;Нурлан Саримов;5;2025-03-26;да;0;Только что заказывал у ребят бургеры с доставкой, вкус просто 🔥🔥🔥🔥, + положили перчатки для удобного употребления так же салфетки и и зубочистки в общем все на отлично сделали молодцы буду заказывать теперь только у них))) спасибо большое вам за вкусные бургеры!!!
147533220;На Шайкенова;Daniyar Uteu;5;2025-03-25;да;0;Добер Донер лучший общепит по бургерам. Хожу сюда постоянно, всегда вкусно , ни разу не подвели. В крайний раз заказ три бургера и в подарок дали дэш грибной.
147481480;На Шайкенова;Анэль Кусайынова;3;2025-03-25;нет;0;На любителя, но для меня честно так себе
146616140;На Шайкенова;Madiyar Nuralin;5;2025-03-21;да;0;Лучшие донеры в городе!
146201506;На Шайкенова;Almas;5;2025-03-19;да;0;Всё понравилось.
143564350;На Шайкенова;Мира Умбетова;1;2025-03-05;нет;0;Дым ұнаған жоқ, дәмі онша емес, көлемі кішкентай бағасына тұрмайды, 11 мкр екі донер ассорти алғанбыз, бағасы 1700 тгден
140587885;На Шайкенова;Ил Дан;5;2025-02-19;да;0;Очень вкусно, особенно понравился их бургер doberman. Да и донеры тоже тема.
132450131;На Шайкенова;Fakonaie 🦋;5;2025-01-08;да;0;Донер просто огонь🔥🔥🔥 реально очень вкусно😋 и еще с маленькими подарочками💜 самый вкусный донер в Актобе, спасибо вам✌🏻
132343800;На Шайкенова;аня аня;5;2025-01-08;да;0;вкусный донер. А кассирша Алина вообще классная женщина и развеселила и совет дала.
132233281;На Шайкенова;ИП Расул ИП Расул;5;2025-01-07;да;0;Доннер отличный вкус супер все есть салфетка зубочистка конфетка) новый Деш) бургер с перчаткой дают все даже с собой все даётся)
131979009;На Шайкенова;Azad Nasiev;5;2025-01-05;да;0;Касса очень оперативно работает молодцы
131970710;На Шайкенова;Данияр Кадыров;5;2025-01-05;да;0;"Все супер персонал очень доброжелателен 
Особенно Алина )"
131522444;На Шайкенова;Danil Homenko;5;2025-01-03;да;0;все всегда вкусно, частый клиент
131520848;На Шайкенова;Аслан Сандибай;5;2025-01-03;да;0;Просто, вкусно, быстро ❤️ спасибо
131520259;На Шайкенова;Иван Талашкин;5;2025-01-03;да;0;Класные вкусные донеры отзывчивый приветливый персонал 👍👍
131519372;На Шайкенова;Саша Чирик;5;2025-01-03;да;0;Донеры ,хот доги ,бургеры просто бомба!! Не разу не разочаровали и самое главное персонал всегда вежлив и отзывчив что на вынос что на доставку. Молодцы!! Лучшие!!
130994179;На Шайкенова;Айгуль Тайбукенова;5;2024-12-30;да;0;Реально самый вкусный донер и бургеры в городе.
129822945;На Шайкенова;Дико;5;2024-12-25;да;0;Очень было вкусно, персонал Очень понравился особенно девочка в шапочке)) обслуживание на высшем уровне!
129799775;На Шайкенова;Ксения Чирик;5;2024-12-24;да;0;Офигенные донеры,бургеры,хот доги просто бомба 💪❤️🫰
129202982;На Шайкенова;Акбота .;5;2024-12-22;да;0;Донер дәмі күшті, бәрі де ұнады😊👍
129107018;На Шайкенова;Salamat Mars;5;2024-12-21;да;0;Часто хожу на добер, сервис на высоком уровне, Алина или Алиса точно не помню, прекрасно работает, общается👍🏻👍🏻👍🏻
127924340;На Шайкенова;Ansar Kadirbek;5;2024-12-16;да;0;донер фирменный всегда вкусно🔥🔥🔥
127058367;На Шайкенова;Юлия;5;2024-12-11;да;0;Все очень вкусно. Персонал вежливый. Все супер👍🏻👍🏻👍🏻
126132058;На Шайкенова;Бекорын Жумабай;4;2024-12-06;да;0;Тузы коп а так донер топчик и сочный
120477336;На Шайкенова;Ирина Захарчиц;1;2024-11-07;нет;0;"Неделю назад брали 3 донера
Отравились сильно всей семьёй в том числе и ребёнок 
Больше в жизни не стану покупать в данном заведении."
117916113;На Шайкенова;Меруерт Аскарова;1;2024-10-25;да;0;Кассирша хамка, еще и покрытая, при клиентах выясняет отношения, орет, не здоровается и не прощается в ответ. Сервис конечно так себе.
115324737;На Шайкенова;Жанар Бисеннова;1;2024-10-10;нет;0;Заказала бургер привезли через час холодный, соленный, еще попалось что то в виде бумаги, фри мокрое и холодное, короче говоря ужас
114121295;На Шайкенова;Расул Кустанов;5;2024-10-02;да;0;Вкусно и быстро готовят. Чисто уютно, вежливый персонал. Есть доставка. Советую!
111451137;На Шайкенова;Гульбану Куракова;5;2024-09-17;да;0;Очень вкусно
111279162;На Шайкенова;Житель Города;1;2024-09-16;да;0;Поверила отзывам и пришла. Это не донер,а что-то ужасное. Заказала Фирменный донер, нарубали красной капусты и картофель фри. Внутри донер холодный. кусать неудобно, какой то кругло-квадратной формы. Время посещения 14 38., 16сентября.
110811434;На Шайкенова;Suleimen Ungarov;1;2024-09-14;да;0;"Донер ужасный, откусил и сразу же понял что нужно идти в другое место, слишком переоцененное место, можно заметить реальных скрытых комментов(их много на самом деле)
И да возможно и мой коммент сольют, ну таков мой реальный отзыв. На счет персонала вообще молчу( не умеют разговаривать с клиентом)"
107806126;На Шайкенова;Vera Veks;5;2024-08-27;да;0;В общем капец тут вкусно и начинки много и большой выбор, не зря я добиралась , такой путь проделала , подставки для телефонов и чисто и красиво и обслуживание хорошее, заказала донер и шаверму , я обалдела и аш два съела, так вкусно даже послевкусия во рту вкусное остается😅. И зарядки есть . Всем советую , так в душу запало, что аш отзыв написала )
105758178;На Шайкенова;Арман Макаров;1;2024-08-16;нет;0;очень долгая доставка ждали 2 часа, вся еда остыла поэтому было не вкусно👎
105374565;На Шайкенова;Влад Т.;5;2024-08-14;да;0;Очень вкусный донер, есть из чего выбрать
94025760;На Шайкенова;kto to;5;2024-08-02;да;0;Отличная донерная, цены приемлемые, размер донера стандартный (не маленький, хотя если нужно можете взять маленький,такие имеются) обстановка приятная, персонал молодцы работают быстро и четко. В общем советую к посещению!
91074914;На Шайкенова;Dan Lkt;5;2024-07-18;да;0;Не первый раз тут берём. Отличные донеры! Вкусные, свежие. Фирменный - это любовь с первого укуса) персонал вежливый 👍🏻
91013554;На Шайкенова;Гоха Гоха;1;2024-07-18;нет;0;Сегодня были с другом добер донере . Хотели заказать донера а там девочки без концовки на кассе смеялись аж аура стало неприятный, стоишь на кассе заказываешь еду и когда сказал девушке рядом на кассе вроде раннер подать нам стаканы она так смеялся, как будто над нами смеялись , насмехаясь это так противно . Донеры как всегда вкусны , только вот девочки такие странные , от дискомфорта что быстро быстро ели и ушли. Пожалуйста присмотритесь мы ваши постоянные клиенты , но такое у нас было впервые. С такими темпами наверное только на вынос закажем .
90787496;На Шайкенова;Куандык Нурышов;1;2024-07-16;нет;0;Донерлері ұнамады,окарачкасы солайымен жүр,дәп дәу болып,огурци қоспаса екен,дәмін бұзады
90317044;На Шайкенова;Apple User;1;2024-07-13;нет;0;"Капец это самая долгая в жизни доставка донера, наш дом находится в 100 метрах от донерки и мы ждали 1.45 часа хотя могли пешком быстрее забрать больше не ногой ужасный сервис ! Мы уже думали наш донер съели и заново приготовили не советую никому если не хотите умереть от голода 

Вот кстати чек , оказывается отзыв не опубликовали помню просто не о чем позвонили поговорили и не к чему не пришли видите ли за доставку они не отвечают 
Не берите тогда доставку раз она не зависит от вас"
89502858;На Шайкенова;Spy -;5;2024-07-06;да;0;"Хочу выразить благодарность шеф повару за изумительные бургеры и донеры , настолько понравилась кухня что стал частым посетителем .Все очень вкусно и быстро готовят .Изюминка это ваш соус .Очень нравится сочетания 10/10 ⭐
(П.с закупите немного натуральных соков 😉 )"
89022566;На Шайкенова;Жандос Барахатов;5;2024-07-02;да;0;Лучшие донеры тут!! Чистые туалеты
88895507;На Шайкенова;Бейбарс Китибаев;1;2024-07-01;да;0;Стандартный донер заказали, мясо несвежее , холодное как будто подогрели микроволновкой, фри тоже самое полусырой , соус слабый, к персоналу вопросов нет работают как положено, прислушайтесь и измените рецепт что ли. 1 балл
87323445;На Шайкенова;Серик Жумагалиев;1;2024-06-20;да;0;Были проездом это вообще ужас, в донере слишком много масло, персонал по хамский ведет, случайно выключил свет как обматерила это вообще ужас какой
86708185;На Шайкенова;Zariena _;4;2024-06-16;да;0;все отлично,но соуса если добавить чуть чуть было бы еще лучше
86065117;На Шайкенова;Timur Elusizov;5;2024-06-11;да;0;Мы заблудились 2 раза, но оно того стоило
85671798;На Шайкенова;Рауан Нурбупина;5;2024-06-08;да;0;Неше жылдан бері жеген тәтті донерім
85590577;На Шайкенова;Mirzhan Tanatov;5;2024-06-07;да;0;Донер хороший аппетитный вкусный,сытный советую
84712263;На Шайкенова;Азамат .ю;5;2024-05-31;да;0;Чисто, уютно, донеры вкусные и цена хорошая
83725580;На Шайкенова;Aisha 🤍;5;2024-05-24;да;0;Донері тәтті
83552890;На Шайкенова;Салта Д;4;2024-05-22;да;0;Бәрі дәмді әдемі болды, бургер сочный свежий, Бірақ Шаверма Короллевскийде еті тұрып қалған дәм шығып тұр, сол жаман құртып тұр, Еттеріңізге қатты мән берсеңіздер, а так все было вкусно
83527874;На Шайкенова;Fariza Salauatova;5;2024-05-22;да;0;Бургерлері сочный, тәтті😻 доставка тез әкеледі. Барлығы ұнады. Всем советую😍
83091547;На Шайкенова;Кайрат Беккожаев;5;2024-05-19;да;0;Обслуживание на высшем уровне 🫰🏻
82173733;На Шайкенова;eclerochka 🫟;5;2024-05-10;да;0;Очень вкусно,посидели в спокойной обстановке и вкусно покушали.
81901343;На Шайкенова;Damir Khassayev;5;2024-05-08;да;0;"Просто бомбовая шаверма. 
Достаточно зайти попробовать и убедиться в этом. 
Мощно и сочно. Так держать ✌️"
80174315;На Шайкенова;Amur Ddd;5;2024-04-25;да;0;👍🏻👍🏻👍🏻👍🏻👍🏻 сытный и вкусный
79499550;На Шайкенова;Акмерей Бисен;2;2024-04-18;да;0;"Помещение оставляет желать лучшего, стулья грязные… 
обслуживание хорошее, девчонки хорошие 👍🏻
донер слишком жирный был, и какой-то привкус, от которого стошнило меня ("
77487554;На Шайкенова;Александра Тахаева;4;2024-03-30;да;0;"Брали донеры ,фри и нагетцы
Донеры пересоленые но много мясо 6/10
Фри 10000/10
Нагетцы 4/10 мясо не со всем свежее
Доставка быстрая 10/10 
Сервис 10/10 
Больше подходит кто любит много много мяса"
77394064;На Шайкенова;Ермек Койшенбай;4;2024-03-29;да;0;Донер вкусный, но маленький
76483472;На Шайкенова;Алишер Сабитов;4;2024-03-19;да;0;Вкусно готовят
75017643;На Шайкенова;Тима Кыныртаев;1;2024-03-03;нет;0;"Соленый донер, мясо жесткое не до жаренное, фри жесткое,
Еще отравились"
74716068;На Шайкенова;Бекет Оянгалиев;1;2024-02-28;да;0;Ужасные донеры
74711809;На Шайкенова;Abulhair Hairullin;5;2024-02-28;да;0;пробовали Шаурму барбекю вообщем классно нам понравилось самая вкусная шаурма в городе и девченки молодцы хорошое обслуживание 👍👍👍
74515540;На Шайкенова;Азалия Молдагазина;1;2024-02-26;да;0;Донер жирный, соленый, курица заветренная. Был найден волос. Кассирша яро доказывала, что это укроп, а не волос. Волос был на лаваше, а не в соусе. Цвет у него был черный, а не зелёный. Забрали донер, убрали волос и вернули, доказывая, что там укроп. Персонал грубый, руки не моют. Нет зубочисток, салфеток мало.
74516550;На Шайкенова;Ailin Masakbay;1;2024-02-26;нет;0;Донер солёный, были найдены маленькие волоски на лаваше. Нет зубочисток. Персонал грубый
74339261;На Шайкенова;Erkegali Erkegali;5;2024-02-24;да;0;Дерзкий донер советую 👍👍
74054046;На Шайкенова;Бекнұр Ауезханов;1;2024-02-21;нет;0;Донер қымбат,майлы етінен қарағанда фри көп соленные огурцы қосылған және өте қатты салқын🆘Рахмет😐
72167424;На Шайкенова;Джон Сноу;3;2024-02-01;нет;0;Донер орташа, кішкене майлылау екен. Қалған жағынан жақсы ,каспи qr/халык бар
72079047;На Шайкенова;Алексей Мухамедьяров;5;2024-01-31;да;0;Сегодня попробовал первый раз у них шаверму! Очень вкусно, сочно, получил гастрономический кайф!!!! Молодцы , качество на уровне!
71826084;На Шайкенова;Жандос Мухамеджанов;3;2024-01-28;да;0;Обёртка красивая, упакован хорошо, но донер маленький, солёный, картошка пережаренная, спасибо хоть майонеза не много было, местами попадаются хрящи. Три года не ел донеры в нашем городе, так как не умеют нормально делать, и ничего в лучшую сторону не изменилось.
70491664;На Шайкенова;Дмитрий Карпов;5;2024-01-13;да;0;Самый вкусный донер в городе.вкус необычный.всем советую
70276021;На Шайкенова;Карина Муратова;5;2024-01-11;да;0;"Самые лучшие бургеры в городе, различные соусы, всегда свежие булочки и продукты. Предпочитаю и я и муж, когда хочется бургера покупать именно там. 
А курочка это просто шик, лучше чем в кфс, дочь её просто обожает."
69957619;На Шайкенова;Дана Сеитмаганбет;3;2024-01-08;нет;0;Стандартный донер суховат и пересолен как будто, лаваш не хрустящий а как резина, заказали смотря на отзывы, пожалели.. еще отправили просроченный кефир, деньги вернули, но осадок остался...
69386371;На Шайкенова;INFINITI BRAZERS;5;2023-12-30;да;0;Замечательный вкус за такую низкую цену 🙂🙂🙂
69245576;На Шайкенова;Dina Re;4;2023-12-29;да;0;Все вкусно, заказ долго ждали, так как про нас забыли. Хотя народу было только 2 столика
68738728;На Шайкенова;d;1;2023-12-24;да;0;кости в донере🤬🤬
68676523;На Шайкенова;Снежана Айшулакова;5;2023-12-23;да;0;Очень вкусно)
68403807;На Шайкенова;Алина Елес;4;2023-12-20;да;0;Заказали донеры стандартные.Мне не понравились эти семена какие то,похожие на гвоздику,слишком пересолено,нет свежих помидоров(от них только кожица👀) и огурцов,как заверено по составу,только маринованные,картошка не свежая будто.Донер был суховат и пересолен прям.В общем не зашло. Сервис конечно есть,все аккуратно,грамотно,салфетки с зубочисткой и конфетой,это прям 💥,холопенье 🔥,но размер тоже маловат.
68393005;На Шайкенова;Grozny 04;5;2023-12-20;да;0;Вкусная шаверма с курицей фирменная, положили салфетки, зубочистку и конфетку, спасибо!
68192002;На Шайкенова;Айгуль Абдуллина;5;2023-12-18;да;0;"Хочу оставить отзыв или даже скорее всего благодарность руководителю и персоналу этого заведения.

В нашем городе много заведений этого направления. Но, у Добер Донер есть свой какой секретный рецепт приготовления донера. Обалденный вкус! Соус не вытекает,повар реально знает правила приготовления и точно знает какое количество закладки соуса. Что очень важно,дабы не испортить вкус блюда.
Курица сочная,кусочки не мелкие. Лаваш хрустит,не просто высушен,а реально поджаренный. Нет ощущения что ешь лист бумаги. Тоже что очень влияет при процессе поедания!!!
Качество подачи и уютная атмосфера топчик!!!
Даже заказав на вынос мы были удивлены приятно. 
К каждому Донеру прилагается:
 салфетки
 зубочистка
 конфетка.
Все упаковано в отдельном пакете. Очень эстетично!

Ребята спасибо большое за обслуживание Вы супер!"
68138483;На Шайкенова;Чингис-хан Миржакипов;1;2023-12-17;нет;0;Заказывайте доставку сами,а то отправят вам Яндекс за 3100тг.
67071216;На Шайкенова;Михаил Сакара;5;2023-12-05;да;0;Попробовал фирменный бургер Doberman. Биг тести с  Мака рядом не стоит. Огромный, сочный, соусы 🔥 Вкуснее я в нашем городе не пробовал 👍
67064656;На Шайкенова;Арман;5;2023-12-05;да;0;Самые топовые Донеры по городу, вкусно сытно и приемлемые цены. Персонал приветливый
66932322;На Шайкенова;Темирлан Мусатов;4;2023-12-04;да;0;Закрываются раньше времени
66256337;На Шайкенова;Наталья Тё;5;2023-11-27;да;0;Очень вкусные 🍔. Очень вежливый персонал. 🔥🔥🔥🔥
66028441;На Шайкенова;Maira );5;2023-11-24;да;0;Очень вкусный и сытный , рекомендую , все как всегда
66016548;На Шайкенова;Бибижан Бекмаганбетова;2;2023-11-24;нет;0;Вчера заказывали шаверму и хот дог , Булочки в хот доге совсем не свежий и в целом сам хот дог не был вкусным . А шаверма по королевский вкусный
65784069;На Шайкенова;А К;5;2023-11-22;да;0;Здесь донеры готовить и подавать красиво умеют!!! Вкусно, сытно, мяса обильно!!! Маринад соус как надо.
65822153;На Шайкенова;katya 🤍;5;2023-11-22;да;0;Самые вкусные донеры а бургеры просто шедевр 😍😍
65821189;На Шайкенова;Т М;5;2023-11-22;да;0;Донер супер все вкусно 👍🏻🔥
65668446;На Шайкенова;anti social;2;2023-11-21;нет;0;Размеры донеров внушительные,начинки много,но,что толку,если мяса и соуса кот наплакал.По вкусу тоже не удивили,думал,что дело в выбранном донере,но с другим та же история.Вторую звезду накинул чисто за размер
64170891;На Шайкенова;Z Kroo;5;2023-11-03;да;0;Вкусные донеры, особенно мексиканский с колбасками. Чистый туалет.
61408440;На Шайкенова;Летта .;5;2023-10-01;да;0;Очень вкусная разнообразная кухня ,приятные женщины на кассе👍🏻
61095128;На Шайкенова;Лихон;5;2023-09-26;да;0;Вкусно, быстро, остро🔥 Колбаски идеальной толщины, соусы в нужном количестве, лаваш хрустит. Эталон 👌 Спасибо!
60879437;На Шайкенова;alimbekb;1;2023-09-23;нет;0;Сваренный фарш в лаваше это не донер. Кетчуп дешевый с петрушкой не Heinz. Только хорошие были картофельные дольки.
59681314;На Шайкенова;Санчос;3;2023-09-07;да;0;Скорее рейтинг накрученный. Бургер вкусный, а Донер так себе. Говядина фарш, курица сухая и не вкусная, спасает только соус. Но точно не заслуживает такого рейтинга. Утолить голод можно
58979013;На Шайкенова;Амина Лукпанова;5;2023-08-29;да;0;Вчера были у вас вечером, остались очень довольны. Донеры сытные,сочные, порция фри достаточно большая за свою цену. И по сумма заказа нас приятно удивила. Спасибо большое!
58500755;На Шайкенова;Ануар Карибаев;5;2023-08-23;да;0;Бургеры шик
58283926;На Шайкенова;Kuralai Asanova;5;2023-08-20;да;0;Самый лучший🔥
57873785;На Шайкенова;As Ad;5;2023-08-15;да;0;Шикарные донеры за свою цену, только холопеньё не особо острое.
57349339;На Шайкенова;Изтай Азамат;5;2023-08-08;да;0;Так вкусно я ещё не ел! Лучший донер в Актобе! Огромный рахмет! Процветания вам!👍
56554455;На Шайкенова;Бакытжан Сукуров;5;2023-07-31;да;0;Очень вкусно сытно особенно мексиканский 🔥
56415137;На Шайкенова;Аиша Дарханқызы;5;2023-07-30;да;0;Очень вкусные донеры в городе,советую!
56108235;На Шайкенова;Нурбо 9;2;2023-07-25;нет;0;Не вкусно.
55999618;На Шайкенова;akdaulet kairolla;5;2023-07-24;да;0;очень вкусно мы всегда берем 👍🏻👍🏻👍🏻👍🏻
55770766;На Шайкенова;Коннор Хабибович;5;2023-07-21;да;0;Чисто за девочку на кассе которую зовут Пепси, пять звезд.
55616461;На Шайкенова;Alina Mertesheva;5;2023-07-18;да;0;Очень вкусно и быстро 🔥🔥🔥🔥🔥
54825061;На Шайкенова;Scream Xx;4;2023-07-08;да;0;Очень был наслышан этим заведением, но к сожалению свой рейтинг он не оправдал. Сотрудницы прекрасно обслужили, было чисто, но вот сам фирменный донер оставил желать лучшего. Лаваш слишком твердый. Ощущение было что ел не донер, а шаверму. В общем, пока что 4 звезды.
54802422;На Шайкенова;Kitaec 04;5;2023-07-07;да;0;Не первый раз заказываю ,Быстро качественно вкусно сытно ,лучшие в своем деле !!!
53382015;На Шайкенова;Айдос Нуртаев;5;2023-06-16;да;0;Вы лучшие Актобе среди фаст фуд, суперский обслуживание🤟👌🙌
52895627;На Шайкенова;Амаль Нурлыбаев;5;2023-06-09;да;0;Все очень вкусно 🤤 но верните пожалуйста Рубленую говядину 😫 кажется единственная в городе была, вместо фарша
52414150;На Шайкенова;Dauren Dake;5;2023-06-01;да;0;Вкусно но огурцы кислят лучше маренованые
52207119;На Шайкенова;Артур Ильчикаев;4;2023-05-29;да;0;Вкусный донер, ассортимент большой, из всех заведений этот пока что на мой взгляд самый привлекательный 👍🏻
51858499;На Шайкенова;. .;5;2023-05-23;да;0;Доставка быстрая, донеры вкусные
51639387;На Шайкенова;Светлана Макшанцева;1;2023-05-21;нет;0;Заказали сегодня первый раз, и пожалели! Столько куриных шкурок было, кошмар какой. Противно было кушать.
51454430;На Шайкенова;Ермек Искаков;3;2023-05-18;нет;0;Пишу отзыв чисто для улучшения Вашего бизнеса «Добер Донер». Девушка на кассе капец как трудная. То сдачи у неё нет, то еще что то там у неё с программой. Ни стаканов не принесли ни салфеток не дали. Про существования мексиканского узнал когда доел свой заказ. Честно с удовольствием бы попробовал. В здании Интернет не ловит WI-FI нет. Пока ждал 4 раза на улицу выходил, чтобы отправить данные по ватсап. ДОНЕР ОЧЕНЬ ВКУСНЫЙ! 🤤. Все чисто аккуратно, СПАСИБО ОГРОМНОЕ
51323210;На Шайкенова;Елена Демьяновская;5;2023-05-16;да;0;"Очень вкусные, сочные, донеры. А шаверма с салатом очень необычно. Бургеры кушали вообще крутяк.
Сервис 👍и так же доставка быстрая."
51323177;На Шайкенова;Lina Mikileeva;5;2023-05-16;да;0;Очень вкусно беру только там,очень добрый и отзывчивый персонал👍🏼👍🏼👍🏼👍🏼
50921041;На Шайкенова;Nuraiym А.;5;2023-05-09;да;0;Вкуснооо🫶🫶🫶
50883889;На Шайкенова;Luna Nyxborne;1;2023-05-08;да;0;"Отвратительно вообщем.
Решила сегодня попробовать здесь донер, а именно потому что много хороших отзывов и это единственная донерная с хорошим рейтингом по сравнению с рядом стоящими, поэтому не сомневалась, что будет хотя бы съедабельно. Брала с собой, плюсы-сервис очень дружелюбный, внутри заведение комфортное, чистое, положили к донеру набор из салфетки, зубочистки и конфетку, это мило.
Но на этом все плюсы заканчиваются, донер узкий, тонкий, но это ладно, внутри вместо курицы, напичкано было куриным жиром и ее кожицей, куча жилок, попалось максимум 2-3 маленьких кусочка курицы, все остальное жир, запах от этого жира не очень приятный, ощущение будто то что должно было пойти в помойку от курицы запихали в донер. 
Вообщем на половине донера появилось отвращение, поняла что доедать не хочу и не смогу, помидоров с огурцами увидела два маленьких кусочка, фри внутри не вкусное, будто подгорелое, вообщем ничего вкусного в донере найти так и не смогла, хоть что то, соус ни о чем, лаваш с запахом горелости. Я с таким рейтингом вообще не ожидала, что такое куплю. В итоге половину донера отдала кошкам во дворе, по итогу осталась голодная, надеюсь хотя бы свежее было и не отравлюсь, больше естественно брать там ничего не буду."
50749876;На Шайкенова;AKX Бис;2;2023-05-06;нет;0;Долгое обслуживание, выдают заказы не по очереди.
50220499;На Шайкенова;Милана Ким;5;2023-04-28;да;0;"Делали заказ 🔥
Всё свежее и вкусное 👍"
50212025;На Шайкенова;Эльмира Утепбергенова;5;2023-04-27;да;0;Обалденный донер с колбасками,самые вкусные крылышки!Чисто уютно вкусно 💪Персонал вообще огонь
50211018;На Шайкенова;Анжела Махрина;5;2023-04-27;да;0;Все вкусно классные донеры классные крылышки, хорошее обслуживание всегда доставка вовремя.
50097866;На Шайкенова;Ринат Г;5;2023-04-26;да;0;Отличные донеры. Самые вкусные и сочные. Мексиканский вообще ТОП!
50030718;На Шайкенова;Бахтияр Шаймерденов;5;2023-04-24;да;0;Очень вкусно! Вертушка Джеки Чана🔥🔥🔥
48641019;На Шайкенова;EVB;5;2023-04-09;да;0;Лучшая шаурма в городе.
48562462;На Шайкенова;Кирилл Алексеевич;5;2023-04-07;да;0;"Это самое вкусное, просто восхитительное место по донерам и шаверам. Они гуру! Просто космос! 
Я долго искал нормальную кухню, и у них есть огромное разнообразие блюд! Успехов вам! Пожалуйста не испортитесь как заведение!"
48385952;На Шайкенова;Илья Сергеевич;1;2023-04-04;да;0;Всегда были одни из лучших ,сейчас взял донеры ужасные ,курица как квашня ,то ли трёх четырех дневная то ли я незнаю ,поставили на поток !!планка упала !!
47720626;На Шайкенова;Нурия Симбинова;5;2023-03-24;да;0;Спасибо вам большое. У вас всегда очень вкусные донеры. Никакие донерные с вами не сравняться❤️
47436346;На Шайкенова;Islam Sarin;1;2023-03-18;да;0;18.03.23 покупали постоянно,теперь не будем.купили шавермы 5шт квашеной капуста и ничего фарш 5гр.вообщем лаваш с квашеной капустой
47366675;На Шайкенова;Aziza 🖤;5;2023-03-17;да;0;Бургер просто огромный, сочный и вкусный, очень понравился сервис заказала доставку привезли через 45 минут, перчатки конфета салфетку положили молодцы так держать теперь только у вас буду заказывать 👍
47243411;На Шайкенова;Perizat Aliakbar;5;2023-03-15;да;0;Быстрая доставка и сочные бургеры и донеры😍
46875901;На Шайкенова;Ali Kiyashev;5;2023-03-08;да;0;Очень вкусно👍
45500931;На Шайкенова;Symbat Akkubashova;5;2023-02-11;да;0;Кпц вкусный донер 😍😍😍 и порция супер) всем советую ❤️❤️❤️
44322014;На Шайкенова;Типуган .;5;2023-01-26;да;0;Все вовремя доставили,молодцы ,Рахмет улкен
44175293;На Шайкенова;Сагдат Айсин;5;2023-01-23;да;0;Очень вкусные бургеры и донеры🔥
44161231;На Шайкенова;Apple User;5;2023-01-23;да;0;Очень вкусные бургеры,хот доги!Вежливый персонал и быстрая доставка
44042783;На Шайкенова;Айга 30;5;2023-01-20;да;0;Самые сочные Бургеры тут. Пальчики оближешь ❤️
43997458;На Шайкенова;Еркебулан Мейрамхан;5;2023-01-20;да;0;Өте керемет
43987465;На Шайкенова;Елена N;5;2023-01-19;да;0;"Очень вкусные бургеры и шаверма!!! Много начинки, вкусная булочка. 10 звёзд! Плюс сверхскоростная доставка, плюс много приятных мелочей - одноразовые перчатки, салфетки в индивидуальной упаковке с конфеткой. Кисло-сладкий соус для фри и картошка фри - всё понравилось.

Огромное спасибо, держите марку! Спасибо оператору, очень вежливо и профессионально!"
43944616;На Шайкенова;Юрий П;5;2023-01-18;да;0;Заказывали с супругой бургеры Doberman, очень вкусно и сытно, получили удовольствие от еды. Благодарю Вас за хороший сервис и оригинальное меню. Желаю процветания и развития.
43919511;На Шайкенова;Жазира Жази;5;2023-01-18;да;0;Всегда заказываю донеры в Добер-Донер👍🏻👍🏻👍🏻 Качество продуктов и обслуживание на высшем уровне🤝🏻 Отдельное спасибо оператору Нурайым на 11ом мкр, очень вежливая и отзывчивая 🤗 Удачи и процветания Вам ☺️
43806833;На Шайкенова;Карла Б;5;2023-01-16;да;0;Мы постоянные клиенты, лучшие ❤️
43764383;На Шайкенова;Райым Тулепберген;5;2023-01-15;да;0;донерлері жақсы дәмді бірнеше рет осы жерден алып жүрмін
42722992;На Шайкенова;Айдана Бертаева;5;2022-12-22;да;0;Мы заказываем на доставку и в заведение тоже кушаем. Доставка супер быстрая , всегда горячая, вкусная😋 Единственный донер который прям зашёл в актобе💖
42501460;На Шайкенова;Сергей Баженов;5;2022-12-17;да;0;Редко пишу отзывы, но тут прям захотелось. Уже не первый раз тут кушаю, и поэтому захотел написать отзыв. Очень хорошая донерка. Сочные, большие и вкусные донеры и бургеры. Также нравится то, что всегда чисто в зале и туалете. А также приветливый персонал.
42436581;На Шайкенова;Beknur B;5;2022-12-16;да;0;"Отличная донерка с шикарным оформлением. Меня не остав
ит равнодушным) отдельное спасибо всему персоналу 😇"
42213795;На Шайкенова;Меруерт Хасанова;5;2022-12-11;да;0;Очень вкусно! Быстрая доставка!
42071087;На Шайкенова;Тимур Саркулов;5;2022-12-08;да;0;На сегодняшний день это самый лучший из всех что есть в Актобе,оригинальное меню,я в восторге,спасибо DoberDoner
40058433;На Шайкенова;Руслан Рақымберген;5;2022-11-19;да;0;Донер бургер бәрі дәмді керемет,қолдарыңыз дерт көрмесін істеріңе береке берсін!!!
39178703;На Шайкенова;Али Айсын;5;2022-11-01;да;0;Очень вкусный Донер и сервис👍
39101973;На Шайкенова;Rabbi Baiseit;5;2022-10-31;да;0;Очень вкусно 🤤 главный ниет🫰🏻☺️
38928068;На Шайкенова;Конор Магрегор;1;2022-10-27;нет;0;Такой не вкусный донер в жизни не ел мясо отварное! Отзывы накрученные не советую реально не вкусный донер
38850883;На Шайкенова;Юрий Лазебный;5;2022-10-26;да;0;"Донеры большие, сочные, горячие.
Очень вкусные.
Девчата приветливые.
Часто сюда забегаю перекусить.
Рекомендую!

Сегодня решил попробовать Хот дог 
Это просто бомба!!!"
38833594;На Шайкенова;Наталья Наталья;5;2022-10-26;да;0;Очень вкусные и сочные бургеры, быстрая доставка и приятный сервис ❤️ фирменный бургер Доберман это просто огонь🔥🔥🔥
38739246;На Шайкенова;Inzhu Happe;5;2022-10-24;да;0;Донер вкусный😋 и главное очень сытный (это важно) Оперптор такая милая и вежливая😍 Мне всё понравилось 👍ихихи
38305008;На Шайкенова;Помощник Акима;5;2022-10-14;да;0;"Самая вкусная шаурма в городе 

Если будете пробовать берите BBQ 🍖 🔥🔥🔥🔥"
38259281;На Шайкенова;Mika A.;5;2022-10-13;да;0;Всегда очень вкусно, быстро, вежливое отношение к своим клиентам 😍😍😍
38088359;На Шайкенова;Абзый Татарский;5;2022-10-09;да;0;Вкусно, спасибо 👍🏼
37940832;На Шайкенова;Жан Жан;3;2022-10-05;нет;0;Донер вкусный, но крылышки, фри, сырный соус необоснованно дорогие! Порция маленькая(((
37858155;На Шайкенова;ЕРТАЙ Сауык;1;2022-10-03;нет;0;Донер не вкусный ,не советую
37494865;На Шайкенова;Bota B;5;2022-09-25;да;0;Однозначно ДА! Вкусно! 🫶🏻 «не плачь малышка» топ 🔥
37397649;На Шайкенова;Кристина Беликова;5;2022-09-23;да;0;Здесь самые вкусные донеры в городе 💔
37203234;На Шайкенова;Porsche Cayenne;5;2022-09-19;да;0;Пишу живой отзыв, невероятное заведение, очень приятная администрация, все приготовлено очень аккуратно и очень вкусно, я восхищён !!! Советую
37133602;На Шайкенова;Ксюша Хацкалёва;5;2022-09-18;да;0;Вкусно, быстро, вежливо, чисто и уютно. Есть хот-доги с морковкой и вегетарианская шаверма. В меню указан состав. Очень здорово!
36117280;На Шайкенова;Алексей Юрьевич;5;2022-08-29;да;0;"Отличное заведение, очень вкусно готовят, быстрая доставка.
Я ваш постоянный клиент 
💥💥💥💥"
36013693;На Шайкенова;R Y;5;2022-08-27;да;0;Это оооооочень вкусно. Я ваш постоянный клиент☺️
35593322;На Шайкенова;Gorozhanin;5;2022-08-19;да;0;Вполне съедобно. Рекомендую
35624225;На Шайкенова;Арыстан Жолбарысовичь;1;2022-08-19;нет;0;"Не вводите людей в заблуждение!!! 
Ужжжасный донер! Сервис нормальный,вежливый но донер вообще не о чем.Самое паршивое что я пробовал в жизни...."
35435212;На Шайкенова;Жанат Казиев;5;2022-08-16;да;0;Очень вкусная еда!! Всем советую 👍
35301715;На Шайкенова;Aset Okas;5;2022-08-12;да;0;Очеень вкусно 🤤 и девочки очень вежливые,приятные 😍. Мне все понравилось ❤️. Хочу сказать повару огромное спасибо все было просто бооомба 👍🏻.
35259492;На Шайкенова;Нурсулу;5;2022-08-11;да;0;Быстрая доставка и отличный сервис👍
35129328;На Шайкенова;Vladimir Volkov;5;2022-08-09;да;0;"Очень вкусненькие шавухи!!!
Спасибо шефу и его коллективу"
34197113;На Шайкенова;Валерия Непогодина;5;2022-07-18;да;0;Мега быстро!!! Очень вкусное
33850096;На Шайкенова;Бек Беккожин;5;2022-07-11;да;0;Сегодня решили заказать здесь донер и крылышки.Ни капли не пожалели!Ооочень вкусно и сытно.Желаем только процветания!Главное поддерживайте этот уровень качества!
33794516;На Шайкенова;Аскар Мулдабаев;5;2022-07-10;да;0;Всё очень вкусно. Постарайтесь поддерживать этот уровень
33579615;На Шайкенова;Biko Kazbekova;5;2022-07-04;да;0;Донер вкусный и сытный. Наверно почти все позиции попробовала. Единственное шаверма не зашла, много капусты, я не поняла ее. Бургеры всегда раньше заказывала вертушку джеки чана, очень нравилось. Но не поняла или мне приелась или уже по вкусу не то. Из нового меню бургер доберман просто 😍. По городу один из самых вкусных заведений, просто наверно каждому свое можно найти с меню. Процветания 👍
33533361;На Шайкенова;Андрей Са;5;2022-07-02;да;0;Самая офигенная сеть донерных в Актобе ! Быстро приняли оплату, заказ ждал минуты 4, выбрал бургер сына маминой подруги (такое название прикольное) , это просто вау ! Зайду ещё завтра чтобы попробовать фирменный бургер Доберман!! Очень чисто, опрятно, вкусно ! Спасибо Вам !
33436023;На Шайкенова;Руслан Тусупбаев;5;2022-06-30;да;0;"Уже 3й месяц заказываем всей сменой. 
Еда- разнообразие, вкусно, свежо.
Сервис - отвечают на телефон и вотсап оперативно.всегда вежливы в любое время. 
Также не мало приятно всегда пологаются конфеты салфетки . Мелочь но приятно ).
Доставка - не больше часа, хотя находимся в районе аэропорта.
Спасибо вам! 
P.s. впервые оставляю комментарий в 2Гис. Не поленился"
32759374;На Шайкенова;Хамзин;5;2022-06-15;да;0;Супер 👍🏿👍🏿👍🏿
32605751;На Шайкенова;Виталий Сухин;5;2022-06-10;да;0;Вкусные донеры!
32223699;На Шайкенова;Даулет Манап;5;2022-05-30;да;0;очень вкусно😋😋😋😋😋
29621903;На Шайкенова;Burkit Sh;5;2022-05-16;да;0;Вкусные бургеры. Спасибо
29290828;На Шайкенова;Ксения Кузнецова;5;2022-05-05;да;0;Многие рекомендовали,приехала попробовать . Взяла на пробу мини 👍👍 По мне на вкус 10 из 10. Все как надо . Сервис тоже . Все до мелочей ,перчик ,салфеточки,конфетка 😊👍 Мододцы ребята . Удачи 🍀
29290423;На Шайкенова;Оля Миронова;5;2022-05-05;да;0;Все просто шикарно 👍
29217804;На Шайкенова;Мадияр Толеу;5;2022-05-02;да;0;Очень вкусные и сытные донера, обслуживание очень класное😋
29147335;На Шайкенова;Мадина Аманбаева;5;2022-04-30;да;0;"Добрый вечер!
Заказывали сегодня на 11 микрорайоне, честно говоря впервые пробуем у вас еду,и были приятно удивлены!
Все очень понравилось
Крылья обалденные,не говоря уже о вашем бургере и кесадильи 😊
Отдельная благодарность шеф повару-замечательный человек и очень приветливый)
Желаю процветания вашему бизнесу!)"
29031092;На Шайкенова;Egor Bryzgalov;5;2022-04-26;да;0;Нужна была доставка на 13 донеров, в офис, вкус был очень важен. Все доставили, доставщик культурный, положили перцы (также 13 штук), влажные салфетки, сухие салфетки, леденцы, зубочистки, в подарок дали 2 литровых напитка. Желаю огромной удачи и процветания! Теперь я ваш клиент
28965586;На Шайкенова;Юлия Д;5;2022-04-24;да;0;Невероятно вкусно! Я влюбилась в бургеры. Сочные, вкусные. Это просто неописуемо! Пробуйте. Крылышки тоже 🔥 вы изменили моё представление о фаст фуде 🥰
28878265;На Шайкенова;Аккадыр Толеужан;5;2022-04-21;да;0;Донеры чисто бомбагой бомба💣💣
28757379;На Шайкенова;Екатерина Меркульева;5;2022-04-17;да;0;Замечательное заведение, за настоящими вкусными крылышками только сюда!)
28535460;На Шайкенова;Елена Шеховцова;5;2022-04-09;да;0;Очень вкусно 🔥🔥🔥
28461381;На Шайкенова;Алмат .;5;2022-04-06;да;0;Очень вкусные донеры!
28403767;На Шайкенова;Dima Dk;5;2022-04-04;да;0;Супер донер.
28247036;На Шайкенова;Юрий Боровской;5;2022-03-30;да;0;Это одно из немногих мест куда действительно хочется вернуться.
28246313;На Шайкенова;Inna Borovskaya;5;2022-03-30;да;0;Я не знала что донеры и бургеры могут быть такими вкусными! Разнообразное меню с очень приемлемыми ценами, внимательный персонал, обслуживание на высоте. Продумано всё до мелочей, постоянно добавляются новые блюда. Вертушка Джеки Чана и мексиканский донер ван лав. Так держать, ребята! Буду надеяться что в меню вернутся блинчики с курицей🔥
28216756;На Шайкенова;Максим Калашников;5;2022-03-28;да;0;Были впервые, все очень вкусно и быстро. Приятный и внимательный персонал😊
28206209;На Шайкенова;Оксана Минаева;5;2022-03-28;да;0;Потрясающая шаверма 😋😋😋
28176992;На Шайкенова;Ри Джи;5;2022-03-27;да;0;Вертушка Джеки Чана- любовь
28108200;На Шайкенова;Михаил Лобанов;1;2022-03-24;нет;0;Донер отвратительный, с костями, хрящами и жиром. За свою цену самый убогий донер из всех, что я ел. Однозначно, дизлайк.
27983478;На Шайкенова;Аман Сактаганов;5;2022-03-20;да;0;Супер вкусные всё
27983228;На Шайкенова;Joniy Yokubov;5;2022-03-20;да;0;Отлично спасибо все вкусно было 🔥🔥🔥
27796085;На Шайкенова;Артур Кисманов;5;2022-03-12;да;0;Очень вкусно! Донеры от души
27653696;На Шайкенова;Светлана Пошолченко;5;2022-03-06;да;0;Очень вкусные донеры и бургеры
27642557;На Шайкенова;Mikhail Tskhe;5;2022-03-05;да;0;Прекрасная кухня, оригинальная рецептура, приятное обслуживание.
297828188;На Есет батыра;zhenya Ханский;5;2026-09-18;да;0;Лучшее заведение в городе, где готовят самые вкусные донеры во всем Актобе
297232027;На Есет батыра;Яна Волк;5;2026-09-16;да;0;Как всегда всё вкусно!🫶🏼
296107509;На Есет батыра;Gaben;5;2026-09-12;да;0;Отличная шаурма, разнообразие меню
294185377;На Есет батыра;Городская легенда;1;2026-09-04;да;0;"Детский меню сияқты ма бірбәле кішкентай , чикені де бургеріде донеріде 
Чикеннің дым еті жоқ сүйек пен терісі тек тұрған еще кымбат"
272379275;На Есет батыра;Александр Тарабрин;5;2026-08-25;да;0;Асылай приятный сотрудник ! Заведение класс!
270185863;На Есет батыра;Евгений Сергеевич;5;2026-08-19;да;0;Вкусно
269024743;На Есет батыра;Alisher Kazhymukhanov;5;2026-08-16;да;0;Добротный неклассический донер, размер достаточный чтобы наесться
268355517;На Есет батыра;Banu Baimenova;5;2026-08-14;да;0;Ассалям алейкум. Донер очень вкусный. Первый раз понравился донер. Не думала,что донер может быть таким вкусным. Мясо вкусное, нежное. Соус в меру. Не течёт по руке, как это обычно бывает в других донерах. Бургеры вообще супер. Слов нет. Одни эмоции))))
267454954;На Есет батыра;Kirill Aitkaliyev;5;2026-08-11;да;0;"Вкусные донеры, часто бываю здесь.
Вежливый персонал, всегда чисто и все убирают!"
266294007;На Есет батыра;Ақтөбе тұрғыны;4;2026-08-08;да;0;Донер не понравился. Положили подгоревшую картошку, похоже, остатки.
266161881;На Есет батыра;Валентин Москалёв;1;2026-08-08;да;0;Раньше было лучше!
264460333;На Есет батыра;ars;5;2026-08-03;да;0;топчик
264234229;На Есет батыра;Serzh Sam;2;2026-08-03;да;0;Донер куриный норм. Говяжий не берите фарш вонючий
263057976;На Есет батыра;Даулет Мукаш;5;2026-07-30;да;0;Хорошее место с вкусной едой и приятным обслуживанием. Спасибо Асылай и Адеме за вежливость, улыбки и внимательное отношение к каждому гостю. Всегда приятно заходить именно сюда.
261616744;На Есет батыра;Rain Stark;5;2026-07-26;да;0;Очень вкусный донер! Свежие ингредиенты, сочное мясо, всё приготовлено аккуратно. Порции хорошие, персонал вежливый. Остался доволен, обязательно приду ещё. Советую попробовать их фирменный добер Донер
259461027;На Есет батыра;Куандык Сакенулы;5;2026-07-19;да;0;Обслуживание здесь на высоте, но сюда стоит прийти как минимум ради невероятно вкусных донеров. Каждое блюдо в меню по-своему вкусное, и всё приготовлено на высоком уровне
259460830;На Есет батыра;Диас .;5;2026-07-19;да;0;"Если быть серьезно самый лучший донер за весь год !
Попробовал все виды все по своему классные 
18.07.26 дайте премию кто в этот день был на кухне !"
258316830;На Есет батыра;Жанна Агади;5;2026-07-15;да;0;Спасибо кассиру Асылай очень милая и красивая,воспитаная хорошо обслужаваеть
258130575;На Есет батыра;Мади Абдигалиев;1;2026-07-14;да;0;"Данный филиал оставляет желать лучшего ужасное обслуживание !! Кассир с не довольным лицом обслуживает как будто ее я заставлю работать , на вопрос почему в холодильнике напитки теплые отвечают что они прохладные хотя по мне они теплый в такую жару пить теплый напиток это что с чем-то. Само заведение было одним и хороших мест! Надо обратно ходить на основную точку на 11 мкрн.
P.s. Директору Филиала надо пересмотреть подбор персонала !!!!!"
258027425;На Есет батыра;Анна Сергеевна;5;2026-07-13;да;0;"Безумно вкусные донеры, очень сочные бургеры❤️ являемся постоянными клиентами с момента открытия ещё на Жубанова, не разу не пожелели.
Пробовали обсалютно все, даже когда по средам готовил Шеф!
Были и остаются фоваритами, в другом месте не нравится, сын есть только донеры с Dober.
Удачи и успехов, продолжайте нас всех радовать долго!!!! 🔥🔥🔥❤️"
256987172;На Есет батыра;Гульнур Данияровна;5;2026-07-10;да;0;Быстро и вкусно🥰❤️
255678346;На Есет батыра;Dayana 🐾;1;2026-07-05;да;0;"Были постоянными клиентами и очень часто заказывали у них донеры, бургеры с доставкой. Сегодня очень разочаровались донером и обслуживанием. 
Спросили размер донера М, сказали будет половина стандартного бургера. Далее делаем заказ на донеры М и Л размера, они пришли одинаковых размеров. Менержер написала М - 300гр, Л - 400гр. По факту М - 300гр(ок), Л - 330гр. И донеры были какого то сладкого вкуса и сухим. Прям отвратительно, аж аппетит пропадает.

Научите сотрудников доносить правильно информацию и не путать клиентов с 1045 сообщениями с пустыми словами"
255595852;На Есет батыра;Андрей Хакеев;1;2026-07-05;да;0;забрали сегодня донер куриный стандарт всей семьёи в 22:18 июля,ужасный вкус просто отвратительный соус горький,мы даже его дальше есть не стали,очень разочарован очень очень сильно,кушать невозможно было
255242073;На Есет батыра;Алена Вагнер;5;2026-07-03;да;0;Это просто умопомрочительные сочные, мощные бургеры🤩 такого давно не встречали. Пробовали впервые доберман и мерзавца. Мы в восторге! Однозначно вернёмся снова и будем заказывать доставку, рекомендую всем друзьям.
255073837;На Есет батыра;Itachi Uchiha;5;2026-07-03;да;0;Өте керемет жер екен. Донерлері керемет
254840686;На Есет батыра;Айдана Кереева;5;2026-07-02;да;0;Донер необычно вкусные👍🏻
254392987;На Есет батыра;Linavian7 .;5;2026-06-30;да;0;Самый вкусный и сытный Донер что я ел
253618276;На Есет батыра;Alan Khan;4;2026-06-28;да;0;Бургеры вкусные но перчатки маленькие)
253025171;На Есет батыра;Ekaterina Urkunova;1;2026-06-25;да;0;"Разочарована! Часто с семьёй ходили в это заведение, но сегодня с парога говорят без коляски вход🤨. Я понимаю ещё когда ребёнок взрослый, но у меня 5 месячная дочь и я не хочу к примеру чтобы она лежала пока мы кушаем на диване где все грязными задницами сидят.
Обслуживание с порога ДНО.
Коляска была чистая."
250314554;На Есет батыра;Егор Волков;5;2026-06-15;да;0;девушка Аысылай очень приятная,помогла выбрать донеры,все очень вкусно донеры как всегда бомба,я ваш преданный гость!!!
249407362;На Есет батыра;Зарина Шунтаева;5;2026-06-12;да;0;Самый вкусный 😍😍😍
248763927;На Есет батыра;Dilekk .;5;2026-06-09;да;0;Донер и бургер были просто невероятно вкусными! Всё свежее, сочное и очень сытное. Мясо приготовлено отлично, овощи свежие, соусы идеально дополняют вкус. Порции хорошие, остались очень довольны. Обязательно закажем ещё! 😍
248734054;На Есет батыра;Ислам Жумагул;3;2026-06-09;да;0;Интерьер хороший , сотрудники добрые , еда вкусная , можно поиграть в настольные игры когда ждешь свой заказ но один минус текстура плохая и детские столы и диваны и сиденья не чистые(
248477176;На Есет батыра;. .;5;2026-06-08;да;0;"Очень нравится это заведение.
Еда свежая, вкусная и приготовлено качественно. В зале приятно находиться, чисто и уютно.
Особенно хочется отметить девушку на кассе. Приветливая, доброжелательная и располагающая к себе. После такого обслуживания хочется возвращаться.
Остались только положительные впечатления.
Спасибо за вкусную еду и отличный сервис!🥺"
247903007;На Есет батыра;Nurda Paramount;5;2026-06-05;да;0;натуре лучшая донерная в Актобе
247794014;На Есет батыра;Nuriden Amirkhanov;5;2026-06-05;да;0;"Асылай кассирша такая добрая,приветливая,милая красавица ❤️💋
Придем еще не последний раз"
247687826;На Есет батыра;imtiredsir please;5;2026-06-05;да;0;настолки можно поиграть пока едите
247664765;На Есет батыра;Kausar Tuleeva🖤;5;2026-06-05;да;0;Лучший!,просто люблю,каждый рад там берем,🥰🥰,очень вкусно
247660903;На Есет батыра;Arka ✌🏻;5;2026-06-05;да;0;Очень классно понравилось♡
247660819;На Есет батыра;zhaneka 🤍;5;2026-06-05;да;0;Очень вкусные блюда, официанты очень вежливые, доброжелательные, и мы хотели взять конфетки парочку штук, нам дали несколько конфет 🫶🏼
247657250;На Есет батыра;Alexandra 🖤;5;2026-06-05;да;0;"Тут вкусные донеры, и отличное обслуживание 
(Конфеты бесплатно дают, пасиба блин)"
247656850;На Есет батыра;Влад Яковлев;5;2026-06-05;да;0;"Жанкль Жасмина хорошо работает
Кассир Асылай хорошо
Все вскусно конфеты бесплатные"
247475136;На Есет батыра;эля ядерко;5;2026-06-04;да;0;очень вкусняцко, хороший зал и приятный персонал
247367980;На Есет батыра;**** ****;5;2026-06-03;да;0;Донеры и бургеры 🔥 обсливание 👍🏽 быстро и вкусно👍🏽👍🏽👍🏽
245319129;На Есет батыра;Дарья Потякина;5;2026-05-27;да;0;Очень вкусно советую
245110568;На Есет батыра;Дмитрий Минаев;5;2026-05-26;да;0;Практически лучшая донерная в городе
244553066;На Есет батыра;Женя Додэп;5;2026-05-24;да;0;одно из лучших мест в актобе, летник кайфовый
243202618;На Есет батыра;Al Al;1;2026-05-18;да;0;"Не советую здесь брать донеры, Ужас а не донер. Размеры каждый раз разные, соусы разные каждый раз, готовят как хотят по настроению не смотря на заказ. Заказываешь XL и определенный в меню, по делу маленький размер донера получаешь с непонятным вкусом. Больше никогда не закажу здесь
Мой отзыв конкретно не стоящий донер и персонал и повара, не стоит тратить деньги"
242820583;На Есет батыра;Лана 🌑;1;2026-05-16;да;0;многое убрали из меню, к сожалению теперь нет шаурмы. донер не сочный, хотя и ранее мало соуса было. картошки много, мяса мало... в последний раз перекусываем здесь ибо еще и траванулись, не приятно. 🫩
242103181;На Есет батыра;Алдиар Тургамбаев;1;2026-05-13;да;0;Скатились, в прошлом году было вкусно. В этом пару раз брал. Повара поменяйте. Сухой, одна картошка. Заказал острый Джиммичури, не одного перчика внутри. Плюс сухой, половина в мусорку
241604346;На Есет батыра;Александр Лосев;1;2026-05-10;да;0;Огромнейший минус данного заведения они прям ложат на обратную связь, после замечаний всё равно ложат, всё вкусно
240791582;На Есет батыра;Zhumabek;1;2026-05-06;да;0;До сих пор за Айран деньги не вернули
240308322;На Есет батыра;kyrielle 💫;5;2026-05-04;да;0;👍🏻👍🏻👍🏻😋
240243740;На Есет батыра;Рустам Нугманов;5;2026-05-04;да;0;Всё вкусно из того что пробовал, хотя ел у Них только вертушка джеки Чана,ласковый мц(названия написать неразрешили ругательства типа пришлось завуалировать🤣)донер грибной но в нем как будто сочности чуть нехватило и мексиканский ,ещё норм донеры в Истанбуле и в Марадонер ,остальные непробовал ,написал из личного опыта,
239988090;На Есет батыра;Данияр Sss;1;2026-05-03;да;0;Говнө полная как в кетчунезе🙄
239393867;На Есет батыра;Linkin Park;5;2026-04-30;да;0;Очень вкусный Донер!!
237536691;На Есет батыра;Жания Буркутбаева;1;2026-04-21;да;0;Были в первый раз, картошки много , соус не очень , маленький очень это мы брали стандарт куринный
236484688;На Есет батыра;Нурсеит Амангосов;3;2026-04-16;да;0;Сам донер вкусный. Но на кассе ждал пока девушка примет заказ. Сама в это время разговаривала по телефону, похоже с коллегами. Ждал пока закончит разговор. Рядом стояла женщина тоже ждала, но не выдержала и ушла. Дальше дала указания другой коллеге пойти купить что то с магазина. Мой заказ занял буквально секунд десять. Можно было принять заказ, а потом продолжить разговор.
235971271;На Есет батыра;S ⠀;1;2026-04-14;да;0;не стоит за свои цены
235889843;На Есет батыра;Rishat Bo$$;5;2026-04-14;да;0;Хорошее заведение, официанты приветливые, Донер мексиканский вкусный, классический не очень, бургеры замечательные, точно заслуживает 5 звёзд!!!!
234215697;На Есет батыра;Arailym Ahmet;5;2026-04-06;да;0;Донер мен фри ұнады,дәмді👍🏻 Ішіндегі қыздар да сыпайы,өте жақсы🌹 Тез дайын болды,іші шағын отбасымен отыруға жақсы жер10/10🔥
233708929;На Есет батыра;Ттт Ммм;1;2026-04-04;да;0;"В 2гис и в инсте стоит информация о работе до 00:00
Но заказ в 23:25 принимать отказались"
232592490;На Есет батыра;Максим Гуляев;5;2026-03-30;да;0;Пушка🎰
232527924;На Есет батыра;алма .;5;2026-03-29;да;0;"дерзкие донеры 
бомбезные бургеры 
чумачечые чикены 
феноменальные фри"
232527707;На Есет батыра;моля .;5;2026-03-29;да;0;"заведение хорошее, меню разнообразное, очень вкусно готовят.
и подача аппетитная 😋"
230986847;На Есет батыра;Рашида Чи;5;2026-03-23;да;0;хорошее место, официанты и кассиры вежливые. Сам донер у них вкусный
230886256;На Есет батыра;VIRUS K4;5;2026-03-22;да;0;Уаууу😍😍😍😍, өте керемет унады маған😍😍😍
230886245;На Есет батыра;Азиза Садибекова;4;2026-03-22;да;0;Өте керемет жоғары деңгейде. Донердің дәмі өте керемет. Ақтөбедегі ең дәмді донер🤤🤤🤤🤤🤤🤤😍😍😍😍
230859574;На Есет батыра;Санторе Адилбек;5;2026-03-22;да;0;Кассир топ офицант агай оте жаксы 😆
228486251;На Есет батыра;Тимур Темерханов;1;2026-03-11;да;0;Самый худший бургер в жизни
227402056;На Есет батыра;Ayazhan Amankos;2;2026-03-07;да;0;"Нет организованности, кухня долгая, принесли холодный бургер, когда спросили у официанта напитки, ответила чтобы сами взяли и бокалы и напитки 😆
Кассир и официант не смогли вместе работать и раздать заказы и на доставку и в зал
Если не можете во время ауызашар справиться, в этом вины клиентов нет что у вас 2 повара всего лишь и много заказов
Как то нужно закрывать кухню тогда
Не могли комбо за 35 минут принести, хотя говорили что ожидание 20 минут
Когда об этом сказала непонятно то ли управляющий то ли админ начала отвечать что заказы 30-40 минут готовятся
Разочарованы
Больше не придем"
227180762;На Есет батыра;Amina Lukpanova;5;2026-03-05;да;0;Уже больше двух лет ходим к Вам. Очень вкусно все и сотрудники очень хорошие :)
226563002;На Есет батыра;Санат Набиев;5;2026-03-04;да;0;Лучшие донеры в Актобе! Чимичурри донер One Love!
220697460;На Есет батыра;Maxat Gizatov;5;2026-02-20;да;0;Лучший донер, без тонны майонеза и жареной картошки. Только овощи и мясо, вкусно и полезно
220348470;На Есет батыра;Кирилл Ф;5;2026-02-18;да;0;Я являюсь постоянным посетителем. Перепробовал практически всё из меню — всё вкусно и сочно. Приемлемые цены, довольно быстрое обслуживание, очень вежливый и приветливый персонал. Если хочется мощной шаурмы — тебе сюда!
219722388;На Есет батыра;A Z;5;2026-02-16;да;0;"Алғысымды біріншіден поварларға айтамын; ерекше дәмі бар, мықты бургерлерге
Персоналға айтамын, бәрі жоғары деңгей
Асылай қарындасыма рахмет, жақсы түсіндіріп, қызметін жоғары деңгейде көрсетті"
219721288;На Есет батыра;Али Жуманов;5;2026-02-16;да;0;Рахмет, бәрі күшті, бәрі керемет, бәрі дәмді. Әсіресе мықты, топ бургерлер тек Доберде🔥. Арнайы алғысымды персоналға, сервиске айтамын. Асылай қарындасыма рахмет
219542218;На Есет батыра;Валентина Изтлеуова;5;2026-02-15;да;0;Донер очень вкусный!!! На кассе пр вғтливо встретили, повар все вкусно приготовил, обслуживание на хорошем уровне
219522783;На Есет батыра;Диляра Амандыкова;5;2026-02-15;да;0;Сегодня первый раз заказала Донер, мне очень понравилось 😊 вкусно 🤤 все в меру, не сухой и не жирный 🫶❤️
219325541;На Есет батыра;Алия Жанбулатова;5;2026-02-14;да;0;Очень вкусная еда и интерьер , кухня на высшем уровне , девушка кассир и обслуживающий персонал вежливый и приятный😍😍
219269976;На Есет батыра;Samir Sayan;5;2026-02-14;да;0;"Очень вкусная кухня порции большие 
Очень вежливые девушки на кассе и на обслуживании 👍🏻👍🏻👍🏻"
219100925;На Есет батыра;Totsamyy T;5;2026-02-13;да;0;Очень вежливый персонал , рассказали про весь ассортимент , и очень вкусно спасибо )
218968748;На Есет батыра;Виктория H;5;2026-02-13;да;0;Очень вежливая девушка кассир сегодня принимала у нас заказ и все было очень вкусно как и всегда! Большое спасибо персоналу!
218951279;На Есет батыра;Alexandra )));5;2026-02-12;да;0;Самые вкусные донеры в нашем городе!
218390633;На Есет батыра;Мирас Кумекбаев;5;2026-02-10;да;0;Ұйқташка жұматашка 🤤
218200865;На Есет батыра;Тикош 🌝;1;2026-02-10;нет;0;Ужасноо прямм касса мен оффтар вашше паника жүрген тамақтын қандай екеніңде білмейді ондайлары бар жасамасын жұмыс тамақтары удаай ащщы жасау білмейді🤦🏻‍♀️🤦🏻‍♀️🤦🏻‍♀️ даж 1 бал жалко
217887556;На Есет батыра;Алина 💋;4;2026-02-09;да;0;Само заведение классное, донеры вкусные, игры прикольные. Но, обслуживание так себе 😔
217972886;На Есет батыра;диана .;4;2026-02-09;нет;0;Кухня немного скатилась, донеры внутри холодные, обслуживание тоже немного скатилось, официанты путаются в том, что они приносят и происходит путаница. Очень любим Добер Донер с друзьями, всегда есть игры, чистое приятное помещение. Конечно будем приходить ещё, но хотелось бы чтобы сервис стал немного лучше. Всех благ и роста
217888509;На Есет батыра;Lexa;3;2026-02-09;нет;0;Пришли компанией и узнали, что они сократили время работы до 11, хотя раньше спокойно сидели до 1 ночи. Вывески с временем работы нету. К самой кухне и интерьеру вопросов нету, но обслуживание было ужасно. Официантка не знает меню и выдает заказы на обум, путает заказы, пока разбирались уже все остыло. Раньше было лучше....
217888208;На Есет батыра;Милде Конопля;1;2026-02-09;нет;0;Все очень сильно испортилось. Во первых пришли компанией и нам с порога заявили что работают до 11:30 хотя раньше сидели и до часу. Во вторых сами донеры стали маслянистыми именно масло. Игры все покоцаны и не полные (хотя можно заменить). Официанты не озвучивают что приносят и путают. Все очень сильно скатились!! Все очень плохо!
217641532;На Есет батыра;Кокетка;5;2026-02-07;да;0;Добер вы лучшие!!!Являюсь вашим постоянным гостем и очень часто заказываю с доставкой,приятный персонал и обстановка!
212166281;На Есет батыра;Профи ✊;3;2026-01-14;да;0;DD по акции на вынос. Мясо курицы жесткое, так еще и куриные косточки в донере🤦.
211915918;На Есет батыра;Генерал Кетчуп 💋🌹;1;2026-01-13;да;0;Мне было ужасно плохо, я и моя подруга зашли в туалет, но зашла только я в уборную саму, а подруга меня просто ждала, а в итоге оплату взяли за двоих!! Что за беспредел!! На 100 тенге обокрали!! Ещё и туалет платный!! Позорище!!! ЕЩЁ И КАБИНКА БЫЛА ГРЯЗНОЙ!!! И СТУЛЬЧАХ ИМЕЛ КАПЛИ МОЧИ!!! БЕСПРЕДЕЛ!!! Туалеты даже не моют!!!
211714514;На Есет батыра;Никита Касимов;5;2026-01-12;да;0;Кассир Асылай очень прекрасная девушка отлично обслужила ,кухня замечательная
211325003;На Есет батыра;Aiman Abilova;5;2026-01-10;да;0;Dober Doner — это место, куда хочется возвращаться. Бургеры, донеры и шаверма здесь действительно на уровне: сочное мясо, свежие овощи, вкусные фирменные соусы и отличная подача. Куриные позиции (Chicken) особенно радуют — хрустящие, ароматные и очень сытные. Порции щедрые, всё готовят быстро и аккуратно, чувствуется стабильное качество. Вкус сбалансированный, ничего лишнего — просто по-настоящему вкусная еда. Одно из тех заведений, которое смело можно рекомендовать 👍🔥
210823825;На Есет батыра;Dead Morise;5;2026-01-08;да;0;Один из самых лучших донеров города Актобе, сотрудники вежливые и приветливые, донеры приятные как на запах так и на вкус, очень нравится это заведение
210823627;На Есет батыра;Искандер Алматов;5;2026-01-08;да;0;Хорошие место, обслуживание тоже хорошо, донеры шаверма вообщем разнообразие вкусное, уютное место с друзьями посидели тоже хорошо 👍
210823428;На Есет батыра;Анастасия Попова;5;2026-01-08;да;0;Отличные и вкусные донеры)
210650022;На Есет батыра;Zh 4;5;2026-01-07;да;0;Очень вкусные сочные и сытные донеры готовят именно здесь! Если устали от обычных куриных с одинаковой скучной и сухой начинкой, вам сюда!
210719984;На Есет батыра;Демьян Верещагин;5;2026-01-07;да;0;Очень хорошее обслуживание
210719721;На Есет батыра;евген кент;4;2026-01-07;да;0;все отлично все понравилось обслуживание супер приветливый персонал столы чистые
210233544;На Есет батыра;444 ABL 12;5;2026-01-05;да;0;Забегал на ужин , остался очень доволен сервисом. Кассир Асылсй молниеносно принял заказ, подсказал по акциям. Повару отдельное спасибо — еда была горячей и очень вкусной, долго ждать не пришлось. Официант работают четко, и помогает кассиру по заказам в зале чистота. Идеальное место для тех, кто ценит свое время и качество еды. Рекомендую!
210227822;На Есет батыра;Ажар Елешева;5;2026-01-05;да;0;самое вкусное донеры😍😍поварам руки целую,кассир Асылай встретил с улыбкой,быстро рассчитал ,не создавая проблем ,одновременно и по телефону успевает принят и в ресепшене,официант мальчик очень внимательный и вежливый,во время убирал лишние со стола ,очень хороший состав,всем советую очень хорошое заведение и сотрудники замечателные☺️☺️
210218699;На Есет батыра;Руслан Р;1;2026-01-05;да;0;Донер ужасный, приготовили как попало.
210207857;На Есет батыра;Владислав Нагорный;5;2026-01-05;да;0;Хорошее заведение, просторно, уютно а главное очень вкусно. Отдельная благодарность персоналу за создание уюта, комфорта в заведении и великолепного вкуса блюд.
210035723;На Есет батыра;Polinka _li;5;2026-01-04;да;0;Донеры здесь просто потрясающие! Кассир — очаровательный человек, с которым приятно пообщаться
209865607;На Есет батыра;Кирилл Ахметов;5;2026-01-03;да;0;"Лучшая донерка , вкус всегда на высоте , качество продукта и цена на все 💯 
Рекомендую каждому 🫵🏽"
209183833;На Есет батыра;Айдана Садыкова;5;2025-12-29;да;0;Спасибо очень вкусно, приходили сегодня с дочкой. Хотела бы отметить официантку Асылай, очень приятная и внимательная!👍 умничка💋 Процветания вам!
209174358;На Есет батыра;rikiluvr ㅤ;5;2025-12-29;да;0;вкусно
209169802;На Есет батыра;Azharrrd 📴;5;2025-12-29;да;0;Очень вкусно!!!!10/10😍😍
208918014;На Есет батыра;Eldar Ivanov;5;2025-12-28;да;0;Донер дәмді күшті екен
208808003;На Есет батыра;Senseite 1010;5;2025-12-27;да;0;Спасибо за вкусные донеры. Особенно Гульназ за рекомендацию и приятную беседу, интерьер и блюдо очень вкусные, я здесь частый клиент, не ошибётесь при выборе этого заведения 👍
208753764;На Есет батыра;muhamed .;5;2025-12-27;да;0;Донер вкусный очень, работникам респект, внутри все чисто, красиво,кресло удобный 👍🏻
208731356;На Есет батыра;Batyr .;5;2025-12-27;да;0;Лучшие
208305284;На Есет батыра;Nuraiym Nurmukhambetova;5;2025-12-26;да;0;"Очень вкусные донеры😋
Обслуживание тоже топ!"
208070790;На Есет батыра;Икрам Аскер;5;2025-12-26;да;0;"Комфортное обслуживание 
Очень вкусно по средней цене"
208044959;На Есет батыра;Monti Bektemirovna;5;2025-12-25;да;0;Бургер заказ бергем , өте дәмді әрі тез дайын болды😍 Советую всем 😘
208044834;На Есет батыра;Алия Серикбай;5;2025-12-25;да;0;Все очень вкусный🥰👍🏻
207993177;На Есет батыра;Zaika Uteshova;5;2025-12-25;да;0;"Заказываю не в первый раз 
Все очень вкусно 
Кассирша очень милая и добрая девушка
Я заказываю через доставку 
Все быстро и вкусно"
207721940;На Есет батыра;Жанна Курманбаева;5;2025-12-24;да;0;"Мы в первый раз побывали и нам с мужем очень понравилось все.
Уютная атмосфера приятная музыка.
Персонал очень вежливый, обслужили быстро нам долго не пришлось ждать.
Заказали два донера разных очень вкусные и сочные👍"
207508538;На Есет батыра;Dmitryi Kononov;1;2025-12-23;да;0;Заказывал здесь с 2023 года но сегодня был последний мой заказ тут . Последнее время постоянные проблемы с едой . То не то отправят , то приезжают какие то помои . Может для ваших поваров это съедобно , но увы не все свиньи . Постоянно извинения и переделка блюд , хотя уже нет времени на еду . Все заказы чаще всего были с точки на жубанова , но и с этого филиала тоже проблемы. Фото прикрепляю тут
207260023;На Есет батыра;Nikusya Vech;2;2025-12-22;да;0;Донер очень соленный .
206762671;На Есет батыра;Анастасия Павлова;5;2025-12-20;да;0;"Кассир Гульназ самая прекрасная девушка❤️‍🩹 клиентоориентированность супер, подняла настроение и быстро все приготовили.
Всегда чисто, уютно, берем каждый раз их фирменный Донер!
Продолжайте в том же духе 💪"
206761017;На Есет батыра;City spirit;5;2025-12-20;да;0;Очень вкусно. Всегда сюда заезжаем. Отдельное спасибо Гульназ. Встретила очень тепло🥹❤️
205994989;На Есет батыра;Alish id472891639;1;2025-12-15;да;0;"Всегда приходим сюда, всегда вкусно но обслуживание оставляет желать лучшего. В этот раз заказали 2 бургера ждали 40 минут заказ бургеры, тем временем на протяжении 10 минут слышали звон колокольчика( знак что готово), официанты и кассир сидели в наушниках видимо не слышали этого. В итоге принесли полностью остывший холодный бургер… Второй раз оставляют плохое впечатление из за обслуживания. В конце получили один бургер через час, второй вообще размешали в кашу превратили, предложили переделать но еще ждать 40 минут не было желании)
Пишут что отличный персонал, но как раз таки тут персонал хромает сильно

15 декабря 19:42"
205834218;На Есет батыра;Daniya A.🩵;5;2025-12-15;да;0;Отличный персонал, все быстро и четко❤️
205160099;На Есет батыра;Анастасия Красуцкая;5;2025-12-11;да;0;Очень вкусно, вежливый и дружелюбный персонал☺️ Если вы хотим донер берем только в Добере👍
204528753;На Есет батыра;Альберт Караев;5;2025-12-07;да;0;когда вкусно, тогда вкусно) только что взял у них две шавермы с курой, я в восторге!)
204262432;На Есет батыра;Залевский Андрей;5;2025-12-06;да;0;Был 6 декабря, очень вкусно, прекрасный приветливый и очень внимательный персонал! Рекомендую
204341577;На Есет батыра;Artur;5;2025-12-06;нет;0;Обслуживание топ но капусты в фирменном как те не так
203748855;На Есет батыра;Ильяс Курманалин;5;2025-12-03;да;0;Был здесь два раза: в первый раз пробовал хот-дог, во второй — донер. Оба раза всё было очень вкусно, свежо и аккуратно приготовлено. Приятное место, куда хочется вернуться однозначно рекомендую
203724398;На Есет батыра;Danchoo .;5;2025-12-03;да;0;"Өтеее дәмді ❤️❤️ 
Ышы де әдемыы ышынды настолни ойындар бар достармен келуге кенес берем ❤️❤️ өкынбисындерр шынмен ❤️❤️❤️"
203732350;На Есет батыра;Нурислам Рамазан;5;2025-12-03;да;0;Керемет, ішіде тағамыда, ішінде әртүрлі қызық ойындар бар, арзан әрі тиімді, выбор көп
203724261;На Есет батыра;Mirzhan Abduliev;5;2025-12-03;да;0;Өте керемет келіңіздер ☺️☺️
203471321;На Есет батыра;City spirit;5;2025-12-02;да;0;Самое классное заведение, официанты красивые, и привлекательные, обслуживание хорошее, и быстро принесли, товары вам спасибо большое, донеры супер вкусные, советую всем😋
203468987;На Есет батыра;Жулдыз аманкызы;5;2025-12-02;да;0;Официантка крутая вкусно спасибо
203404512;На Есет батыра;Даниска;5;2025-12-02;да;0;Донеры очень вкусные по мимо донеров есть развлечения что бы скучно не ждать
203404464;На Есет батыра;Сергей Прытков;5;2025-12-02;да;0;было быстро, все понравилось, спасибо!
203383704;На Есет батыра;Сырым Берденов;5;2025-12-02;да;0;Вкусные донеры. Приятный персонал!
203381315;На Есет батыра;Никита Ларионов;5;2025-12-02;да;0;"Очень хорошое обслуживание,девушка на кассе очень вежливая и приятная)
Рекомендую!!!"
203094205;На Есет батыра;#10 MVP;5;2025-11-30;да;0;Вкусно!! Кайф!!
203059957;На Есет батыра;Станислав Чернявский;5;2025-11-30;да;0;В «Добер Донер» всё понравилось. Донер свежий, мясо сочное, лаваш мягкий, соус очень вкусный. Порции щедрые, приготовили быстро. Отличное место, чтобы вкусно перекусить — рекомендую!
203059513;На Есет батыра;Niko A.C;5;2025-11-30;да;0;Посетил донерную «Добер Донер» и остался доволен. Мясо хорошо прожарено, без лишнего жира, овощи свежие, а соус прям в тему — не слишком острый и не сладкий. Лаваш плотный, не распадается. Обслуживание быстрое, персонал вежливый. Хорошее место для быстрого и вкусного перекуса.
203054961;На Есет батыра;Мария 🦊;5;2025-11-30;да;0;Донеры здесь всегда вкусные 💯 Девушка встречает с улыбкой, вежливая, внимательная и очень приятная.
203051684;На Есет батыра;Артём Басков;5;2025-11-30;да;0;Приятная обстановка, вежливый персонал, вкусные донеры
202923910;На Есет батыра;Dark Lord;5;2025-11-30;да;0;Вкусный донер классный донер 🥳🤣
202923358;На Есет батыра;Алмаз Айткали;5;2025-11-30;да;0;Персонал, еда, атмосфера, настольные игры
202869543;На Есет батыра;Арипусик Солнцева;2;2025-11-29;нет;0;Не понравилось… 2й раз наврядли приду…
202163353;На Есет батыра;Айдос Жумагулов;5;2025-11-25;да;0;От души рекомендую это место. Хожу сюда постоянно, донеры и бургеры всегда свежие и вкусные, а официанты такие же приятные, как и атмосфера. Всегда радует качество и отношение персонала.
201334347;На Есет батыра;Вырка Ма;5;2025-11-21;да;0;Вкусные донеры, беру стабильно раз в 1-2 недели, не пожалел, цены приличные, приходите не пожалеете¡
200373184;На Есет батыра;Луиза Габриелян;5;2025-11-17;да;0;Несколько раз была тут, мне очень понравилось, и друзьям , с кем мы были. Так держать ) персонал и администратор вежливый и внимательный ❤️‍🔥
198690497;На Есет батыра;Rick Morti;1;2025-11-10;да;0;"Очень разочаровалась. В донере была одна картошка и то горелая,пересоленый до ужаса!мяса почти не оказалось, и к тому же перепутали заказ,в моем не оказалось сыра. Качество и обслуживание оставляют желать лучшего. Больше заказывать здесь не буду.
Чек прилагаю."
198456016;На Есет батыра;Zhansaya Tolepova;5;2025-11-09;да;0;"Очень понравился донер — сочный, свежие овощи и вкусный соус. Всё приготовлено быстро и аккуратно. 
Отдельно хочу отметить обслуживание — кассир был вежливый, помог с выбором, всё оформил без задержек. 
Раннер Нурислам — молодец, принёс заказ быстро, с улыбкой. Приятно, когда сотрудники работают с вниманием к клиенту. Спасибо, вернусь ещё!"
198454181;На Есет батыра;Алина Реймер;5;2025-11-09;да;0;"Гульназ, Нурислам, готовила повар Карина 
Спасибо большое вам , вы лучшие 
Оперативно работаете , и как всегда очень вкусно 
Моя любимки ❤️❤️❤️"
198234077;На Есет батыра;Vadim Nuzhdin;5;2025-11-07;да;0;Отличное обслуживание, вкусная кухня, кассир Гульназ и раннер Анель сделали вечер приятнее своими улыбками.
197070922;На Есет батыра;narmaganbetu1y beknur⚜️;1;2025-11-02;да;0;Донерлері жаманак ұнамады ішінен кылшык шыкты кынбат донерлері екі донер 3500тг бармандар жаман
196846346;На Есет батыра;Ray Ray;1;2025-10-31;нет;0;Плохая франшизная точка. Порций маленькие чем на 11 и в Жубанова. Нету ли стандартов порций и т.д. Проверяйте свои франшизы, а то потеряете постоянных клиентов!!!
195084062;На Есет батыра;лика лика;1;2025-10-24;нет;0;Заказали донер, принесли полностью холодный. Мясо и соус были ледяными, есть было неприятно. Очень разочарована качеством и обслуживанием — ожидала горячее блюдо, как положено. Надеюсь, заведение обратит внимание на контроль температуры и качество . Не понимаю, как можно приносить уже готовый донер даже не разогретым. Такое ощущение, что блюдо просто стояло долгое время на столе и сразу отдали клиенту.
193647384;На Есет батыра;Bodya Misii квадратный;5;2025-10-17;да;0;лучшее место!
193058944;На Есет батыра;🦋 🪼;5;2025-10-16;да;0;"Донер, фри, чикендері өті күшті, ішінде настольный ойындар ойнап уақытта күшті өткіздік!
Асылай есімді кассирша тоже күшті обслуживание жасады❤️"
193044208;На Есет батыра;Азина Ахмолдина;1;2025-10-15;да;0;Өте нашар,жей алмадым,соус көп қосқан😬
192565004;На Есет батыра;Ислам Мархиев;5;2025-10-13;да;0;Асылай супер пупер , Рахмет за все
192299577;На Есет батыра;санька .;5;2025-10-12;да;0;очень хороший персонал,и очень вкусные донеры🤙🏻
192387089;На Есет батыра;Vika 🦈;5;2025-10-12;да;0;Кушали донер в этом филиале в том году ,сейчас живем в другом городе вспомнила вкус вашего донера теперь безумно хочу приехать в Актобе только ради него , почему в Семее нет таких вкусных донеров 😭😭😭😭
192386780;На Есет батыра;S.O.T .;5;2025-10-12;да;0;Очень вкусно
191648556;На Есет батыра;Оспан Имантаев;1;2025-10-09;нет;0;Ішінде иттің суреті толып тұр сол суретке қарап беспонтовый донерді жеееп отырасыңдар еще қымбат донердің сыртына бір жағымсыз сасық май сияқты бірдеңе жағып тастайды бір рет бара салып едік қасымдағы адам жиіркеніп сол күні ауырып қалды короче атына заты сай онша баратын жер емес
191108222;На Есет батыра;Ангелинка )));5;2025-10-06;да;0;Спасибо за донер, Асылай кассир спасибо вам за обслуживание👍🏻👍🏻👍🏻
191073599;На Есет батыра;Евгений Макшанцев;5;2025-10-06;да;0;"Самый вкусный донер!!!
Большие спасибо Асылай за обслуживание !
Очень отзывчивый и добрый человек!!!"
191071265;На Есет батыра;Александр Бабошкин;5;2025-10-06;да;0;Всё очень вкусно,частенько тут ем,всё нравится,очень круто,беру всегда фирменный донер он в топе👍👍👍
190738419;На Есет батыра;Ариса 🎀;5;2025-10-05;да;0;Красноволосая девушка просто куколка! Спасибо за обслуживание🫶🏻
190564988;На Есет батыра;Айсана Кайырмаганбетова;5;2025-10-04;да;0;кассирша Асылай приятная,красивая спасибо большое все вкусно советую♥️♥️
190561857;На Есет батыра;Амина Калдыбаева;5;2025-10-04;да;0;Кассирша Асылай кушти кыз😍😍😍 приятная прям😘😘Жұмыстарыңызға сәттілік
190488722;На Есет батыра;Teploda;5;2025-10-03;да;0;Очень понравилась еда здесь, девушка Асылай на кассе особенно милая, советую.
190409614;На Есет батыра;dariuq x;5;2025-10-03;да;0;Очень хорошее заведение, все безумно вкусно 😋 Асылай очень приятная и вежливая девушка, спасибо ей большое!!! все понравилось 🥰🥰❤️
190409331;На Есет батыра;загадка герл;5;2025-10-03;да;0;Очень вкусные донеры!!! 5 звезд, хорошее обслуживание, девушка Асылай очень добрая и вежливая!!! все безумно понравилось, спасибо, будем приходить по чаще ☺️❤️
190364659;На Есет батыра;Темирлан Сериккалиев;5;2025-10-03;да;0;"Очень вкусные донеры!
Думаю на сегодняшний день лучшие в Актобе. Отдельное спасибо кассиру Асылай за профессионализм!
Повара большие молодцы!"
190352577;На Есет батыра;Арука 🫶🏻;5;2025-10-03;да;0;Өте жақсы донерная, іші жайлы, үстел ойындары бар уақытты көңілді өткізуге. Кассир Асылайға бөлек рахмет, көркем мінезді, жоғары деңгейде қызмет көрсетті!
190348944;На Есет батыра;Дарья Лахт;5;2025-10-03;да;0;Отличное заведение !! Очень вкусные донеры постоянно туда ходим , и обслуживание на высшем уровне особенное спасибо хочу сказать девушке со светлыми волосами Аделине, очень приветливая девушка и хорошо все обслужила 🥰🥰Мне все понравилось !!!
190347395;На Есет батыра;City spirit;5;2025-10-03;да;0;Лучшее место,Аделина обслуживает быстро и качественно👍🏻🥰
190345775;На Есет батыра;никита гончаров;5;2025-10-03;да;0;Идеальное обслуживание,спасибо за это Аделине.Приветлива и улыбчива☺️.
190343348;На Есет батыра;Liss 💋;5;2025-10-03;да;0;хорошее заведение,аделина очень хорошо обслужила,после такого обслуживания настроение было на весь день,самое лучшее обслуживание!!!!😻😻😻😻😻😻
190263219;На Есет батыра;Amir Nurgaliev;5;2025-10-02;да;0;"Хорошее заведение) все очень вкусно 
Девушка кассир очень вежливая и приятная"
190030333;На Есет батыра;Ғалым Қанат;5;2025-10-01;да;0;Кассир топ Асылай 100000000000000000/100000000000000000000000
190020018;На Есет батыра;Александр Минеев;5;2025-10-01;да;0;вкусно, добрый персонал
189624382;На Есет батыра;N P;5;2025-09-29;да;0;"Самая лучший картофель фри🤌🏻

Кухня отличная, девочки очень вежливые 🔥"
189528519;На Есет батыра;Азамат Куразов;5;2025-09-29;да;0;Донер ұнады. Іші таза, жарық.
189528518;На Есет батыра;Азамат Куразов;5;2025-09-29;да;0;Донер ұнады. Іші таза, жарық.
189423006;На Есет батыра;Куплет Бойка;5;2025-09-28;да;0;Отличное место
189413883;На Есет батыра;Dauren Samatov;5;2025-09-28;да;0;Донер ұнады қызмет көрсету өте керемет жұмысшылар өте сыпайы жаксы екен
189349939;На Есет батыра;Рауана Бектемирова;5;2025-09-28;да;0;Всем советую
189261359;На Есет батыра;Merej Manarbekova;5;2025-09-28;да;0;Кассерка қыз аадаммен ға жақсы сөйлеседі екен😍👍
189224920;На Есет батыра;Ilfatik Kurbangaliev;5;2025-09-27;да;0;Офицант Аделина, отлично обслужила.Повор все вкусно приготовила. Оценка однозначно 5.Приду еще
189048348;На Есет батыра;Aziza Kassenova;5;2025-09-27;да;0;Вкусно, уютно мне все понравилось.
188749139;На Есет батыра;Алия Иманкулова;5;2025-09-25;да;0;Очень вкусный донер👍 встретили с улыбкой, приятно было😍
188650531;На Есет батыра;Azamat Berentaev;5;2025-09-25;да;0;Спасибо большое! Забрал заказ! Девушка-кассир Асылай меня услышала и поняла, дело в том что через chokofood пришел остывший заказ и я отменил и был зол! Позвонив сюда она меня поняла и помогла на 100000%! Кассир топ , сестрёнка по имени Асылай!!
188134232;На Есет батыра;Asel nurkhanoovaa;1;2025-09-23;нет;0;Донеры вообще не о чем стало😣
187842083;На Есет батыра;Альбина Дарбаева;1;2025-09-21;да;0;"Вчера брали два донера
Размер да впечатляет 
Но на вкус не очень 
Соленый соус фри жесткое 
А цены дорогие сравнить если с другими заведениями !"
186476586;На Есет батыра;Милана Тушимбаева;1;2025-09-14;нет;0;Донер сухой фри вчерашний как будто постоял курица тоже как пожарили на масле твердые кусочки соус соленый своих денег не стоит вообще
185046180;На Есет батыра;Albina Guzenko;5;2025-09-08;да;0;"Отличное место
Разнообразный выбор донеров на любой вкус
Ребята вежливые
Кассиры приветливые
Поваров не видно, но готовят вкусно🤣"
184806780;На Есет батыра;Молдир Тулебаева;5;2025-09-06;да;0;Все было вкусно , спасибо кассиру за приятный сервис ❤️ Шаурма вкусная , только чуть меньше соли ✊🏻
184730679;На Есет батыра;Дарья Васильченко;5;2025-09-06;да;0;Узнала про DOBER-DONER примерно год назад, и с первой пробы это была любовь с первого взгляда. Донеры всегда свежие, сочные и очень вкусные, а цены вполне приемлемые. Ассортимент радует — помимо разных видов донеров, здесь можно попробовать и гамбургеры. Всё готовят быстро, всегда сытно и качественно. Атмосфера приятная, персонал вежливый и дружелюбный. Однозначно рекомендую всем, кто любит вкусно перекусить!
184725570;На Есет батыра;Марзия Жаукарова;5;2025-09-06;да;0;Донер вкусный! Все понравилось
181586618;На Есет батыра;Ramazan ²⁷;5;2025-08-28;да;0;Әдемі тез
181495509;На Есет батыра;ony doblex;1;2025-08-28;нет;0;"остывший донер принесли
предложили подогреть"
179548239;На Есет батыра;Asslan Marden;1;2025-08-18;нет;0;"Соус в донере не совместим с сыром… 
И ко всему очень сухой"
179177747;На Есет батыра;Ansagan Haizullina;5;2025-08-17;да;0;Все вкусно😋😋😋
177291475;На Есет батыра;Амир Хайруллин;4;2025-08-08;да;0;Донер не такой вкусный, вкуснее там конфета в подарок
177083754;На Есет батыра;Regina Khaybrakhmanova;4;2025-08-07;да;0;В шаурме все-таки нужно пересмотреть начинку, несовместимые по вкусу ингредиенты. Хотя дог бомбезный
177004473;На Есет батыра;AbuAbdullah;5;2025-08-07;да;0;"Шавермалары өте дәмді 
Ма Шаа Аллаһ, қатты ұнады"
176542772;На Есет батыра;Асем Нурбеккызы;5;2025-08-05;да;0;донерлері өтее дамдыы ішіндегі сотрудниктер де куштыы обслуживание жогары кассирша кызда барин тусіндіріп жақсы сөйлеседі 10/100 өкінбейсіздер
176686336;На Есет батыра;Бекзат Оралов;1;2025-08-05;нет;0;Очень плохой извините за такой отзыв но мясо твердый как камень цена ужасный стандарт 1500 маленкий 900 не сытый
176517798;На Есет батыра;Нұржан Орын;5;2025-08-04;да;0;Мне порекомендовали бургер Доберман было очень вкусно Отдельное спасибо кассиру, обслуживание было на высшем уровне🔥
176495558;На Есет батыра;Рамина ❤️;5;2025-08-04;да;0;Кассирша Анельге рахмет оте сыпайы екен☺️
176484326;На Есет батыра;Rysgul Korkytova;4;2025-08-04;да;0;Прям бәрі күшті
176426432;На Есет батыра;Aimiko;1;2025-08-04;да;0;Очень долго готовят ну очень долго ждали один мини донер почти час, забыли пробить в чек мини донер, ещё и выставляют нас виноватым, там даже вилки, ложки нету, и путают заказы,и ещё делают клиентов виноватыми из за того что они говорят по быстрее я вас уже час жду.
175929869;На Есет батыра;Микки Emmi;1;2025-08-02;нет;0;Майонезы агып тез жеп тауысканша асыктым соусы Оте коп еще суйык вообще не удобно было норм кушать когда соус капает бесконца всю одежду пачкала
175318750;На Есет батыра;assylovaaa 🤍;5;2025-07-30;да;0;Парню за ресепшеном респект за сервис😃
174981850;На Есет батыра;Дария;5;2025-07-28;да;0;Фирменный донер очень очень вкусно
174725403;На Есет батыра;Арсен Карабаев;5;2025-07-28;да;0;Донер KZ отдыхает
173835908;На Есет батыра;Arystan Beisatov;5;2025-07-23;да;0;Вкусно
172702260;На Есет батыра;Little Richard;5;2025-07-19;да;0;Спасибо, было вкусно, подогрели ребенку и айран и водичку
172702404;На Есет батыра;Assel’ Bessenova;1;2025-07-19;нет;0;очень плохо,не так как на бр жуб вкус и порция,хот дог взяли, сосиска на вкус просто ужасная,пропавшая,кислая,сам хот дог холодный,невкусный совсем,булочка тоже не первой свежести,короче полный ужас,не советую
172664583;На Есет батыра;Mmrr Ddmm;5;2025-07-18;да;0;"Бургеры очень вкусные 👍
Сервис так же на высшем уровне 🔝"
171784490;На Есет батыра;_ew You_;5;2025-07-14;да;0;"Официант Вика очень добрая и классная ❤️
Подняла нам настроение лучшая⭐️
Больше таких официантов"
171584863;На Есет батыра;Antoshka 667;5;2025-07-13;да;0;Спасибо большое за то что работают добросовестные люди, не услышали заказ ну или перепутали , заказывала шаверму отдали донер , но они поменяли , это очень достойный поступок , обслуживание на высшем уровне , отзывчивые и с улыбкой всегда встречают .
171282186;На Есет батыра;Абзал Пришев;1;2025-07-13;нет;0;"Донеры онша емес
Мұздай акшасына не стойт"
171106886;На Есет батыра;Bota Mukhambetova;5;2025-07-12;да;0;Сегодня побывали в этом заведении и нам с подругой очень понравилось во-первых очень быстро приготовили во вторых хорошее обслуживание. спасибо Рамазану за вкусный донер 💞
171105235;На Есет батыра;Кумаров Азамат;1;2025-07-12;да;0;Сегодня ел там с семьей , донер был весь холодным. -1 бал по 5 ти бальной шкале !
171099617;На Есет батыра;Оразай;5;2025-07-12;да;0;Ассалаумағалайкум. Қызмет көрсету сапасы жақсы. Донері дәмді жақсы екен.
169428787;На Есет батыра;Maxim;5;2025-07-04;да;0;Рамазан, ты на смене?
168432922;На Есет батыра;City spirit;5;2025-06-30;да;0;Вкуснейшие донеры, пацан на кассе крассссавчик, настольные игры. На др бауки залетели. В искандере отравился #влаваше ненавижу, теперь добердонер на есетке самая нормальная донерка
167967715;На Есет батыра;Нуржан Канатов;5;2025-06-28;да;0;Вкусные сбалансированные донеры👍👍👍. Продолжайте в том же духе готовить вкусные донеры
167093525;На Есет батыра;Seitzhan Tazhimuratov;1;2025-06-23;нет;0;"Не обработали заказ. Писал ватсапп. Девушка стоит с парнем общается на крыльце время вечернее. Когда пришел и сказал, что заказывал, девушка замешкался.
Прошу обратить внимание. Был постоянным клиентом, пишу в ватсапп чтобы быстро забирать заказ. Когда парень проблем никаких нет."
166566672;На Есет батыра;Рамазан Төрегелді;5;2025-06-22;да;0;Тема
166566298;На Есет батыра;Aidariya Zhurmukhamed;5;2025-06-22;да;0;Донеры вкусные сотрудники👍🏻
166334664;На Есет батыра;N R;3;2025-06-20;да;0;Невнимательный оператор принимающий заказы👎🏻
166104561;На Есет батыра;tosya 💋;5;2025-06-19;да;0;очень вкусные донеры, бургеры понравилось спасибо Диане за обслуживание, вежливая умеет разговаривать с клиентами
166061985;На Есет батыра;Dan Day;1;2025-06-19;да;0;На вынос доставка не вкусно , на месте если есть то норм готовят .
165050882;На Есет батыра;sssss ееее;1;2025-06-15;да;0;ужасно,заказали энергетик и напиток не положили,попросили отправить курьера но и мы не хотим вдвойне платить за напитки,ужасный сервис на сообщение ответили еле как,ЗА НАПИТКИ ДЕНЬГИ НЕ ВЕРНУЛИ.Очень не ответственно относятся к клиентам.
164597727;На Есет батыра;Акылбек;1;2025-06-13;нет;0;Кымбат екен донерлери
164525048;На Есет батыра;Стас Ефимов;5;2025-06-12;да;0;"Очень вкусно! Сервис на высшем уровне! 
Проходит акция и мы выиграли бесплатный Донер! Всем советую"
164186957;На Есет батыра;마다라 우치하(内覇;5;2025-06-10;да;0;Лучшие, вкусные донеры приятная атмосфера ❤️
164000085;На Есет батыра;rtb 🦢;5;2025-06-10;да;0;тема донер 😍
162654135;На Есет батыра;Мадина Капшаева;5;2025-06-05;да;0;Доберман🔥🔥🔥🔥🔥это было очень вкусно 🤤🤤🤤Персонал,вообще КРАСАВЧИКИ🔥🔥🔥
162509360;На Есет батыра;Aidos Makhambetov;5;2025-06-04;да;0;Все четко 🔥
161975656;На Есет батыра;Apple User;5;2025-06-01;да;0;Вежливый персонал,отдельное спасмбо парню который был на кассе,улыбчивый и добрый,еда очень вкусная🥰
161668885;На Есет батыра;Danagul Kyanyshkyzy;5;2025-05-31;да;0;Вкусно☺️
161158595;На Есет батыра;А А;5;2025-05-28;да;0;Самые вкусные донеры, сочные и большие. Заказала поздновато, сказали что через час привезут, доставили через 40 минут, рекомендую
160876547;На Есет батыра;tutty fruitty;5;2025-05-27;да;0;Оченьк руто, уютно, вкусно, музыка шикарная, спасибо большое
160602467;На Есет батыра;lrchkka .;5;2025-05-25;да;0;Шаверма обалденная,сочная.Дэш тоже вкусный!Спасибо!❤️👍🏻
160428318;На Есет батыра;Turar;5;2025-05-25;да;0;Шаверма вкусная! Админ хорошо делает свою работу. Объяснил чётко 👍🏻
160208014;На Есет батыра;Dias Kosherbaev;5;2025-05-23;да;0;Сау болындарш,Донер зор шыққан🙌🏻
159425303;На Есет батыра;Эдик Кузьмин;1;2025-05-19;да;0;Заведения не очень, по меню норм. В здание одна комната места нет, во второй комнате говорят нельзя сидеть, хотя раньше можно было! В той комнате говорят нельзя сидеть зато официанты балуются в той комнате
159366783;На Есет батыра;B V;5;2025-05-19;да;0;У них очень вкусные донеры, сочные. Бесплатно кладут перчики, у других платно. Бургер пробовала один раз, жирный показался. Доставка быстрая.
159225463;На Есет батыра;Arman Где;5;2025-05-18;да;0;Тема
159176582;На Есет батыра;City spirit;4;2025-05-18;да;0;Вкусные донеры и шаурма. А вот бургеры стали намного хуже, мясо тоньше, да и ещё сухое
158773936;На Есет батыра;Ярослав Костюк;5;2025-05-16;да;0;Администратор 🔥👍 Очень вкусные донеры ! Были с друзьями, всем зашло
158301590;На Есет батыра;Нурай 🌙;5;2025-05-14;да;0;все очень вкусно, донеры большие и сытные. Девушка на кассе очень приятная и вежливая, все составы хорошо объяснила и направила
157818184;На Есет батыра;Бота Ботик;5;2025-05-11;да;0;Спасибо за доставку оочень вкусно и за конфетки спасибо 🥰
155916608;На Есет батыра;Марина Заяц;5;2025-05-02;да;0;Отличное заведение! Девушка на кассе очень приятная и вежливая ❤️❤️
155093201;На Есет батыра;Фатима Саурбек;5;2025-04-28;да;0;Все было очень вкусно. Кассирша очень приятная! Отзывчивая и очень быстрая!
155002480;На Есет батыра;Вячеслав Храмов;5;2025-04-27;да;0;Все вкусно, молодцы!!!
153684439;На Есет батыра;Эльмир Гусейнов;5;2025-04-21;да;0;Кирилл хороший официант отзывчивый и внимательный
153592135;На Есет батыра;tuchka aaa;5;2025-04-21;да;0;классное заведение! Огромное спасибо кассирше Гульназ.
148274504;На Есет батыра;Аиша Югай;5;2025-03-28;да;0;Рамазан лучший работник. 28.03.25 были в филиале на Есет Батыра. Приехали по работе, с коллегами прекрасно отдохнули. Очень вкусно поели и клиентоориентированность на высшем уровне, такое редко встретишь в Актобе. Самый лучший донер во всем Казахстане 🫶🏻🫶🏻🫶🏻
148273995;На Есет батыра;Валерия Ким;5;2025-03-28;да;0;рамазан хороший сотрудник, прекрасное обслуживание
148273981;На Есет батыра;Toff Too;5;2025-03-28;да;0;Рамазан лучший сотрудник, клиентоориентированность на все 💯
148273792;На Есет батыра;ритаааа 🤯;5;2025-03-28;да;0;рамазан харош,понравилось обслуживание
148273629;На Есет батыра;Kioyshi Chan;5;2025-03-28;да;0;Рамазан суперрр здесь очень вкусноо
148170681;На Есет батыра;Виктория Е;5;2025-03-28;да;0;Донера тема , соусы базару ноль , не как у всех просто кетчуп и майонез незнаю что за соус но тема 5 звёзд
147891902;На Есет батыра;Royal Game;5;2025-03-27;да;0;Базару ноль бургер тема, зуб дали что будет вкусно оказалось правда
147645637;На Есет батыра;Арлан Елюбаев;5;2025-03-25;да;0;Лучшие в своем деле!БОЛЬШЕ АССРОТИМЕНТА РЕБЯТА
146852967;На Есет батыра;Карина Karina;1;2025-03-22;да;0;Ужасный Донер…во первых соленый,внутри холодный…очень разачарована(((
145889639;На Есет батыра;Чудо-Бык;5;2025-03-17;да;0;"Заведение хорошое. Персонал отличный. За то что впервый раз у них были дали бонус в виде ""ничего лишнего""."
143047683;На Есет батыра;Aisha А.;2;2025-03-02;нет;0;"Не прочитали отзывы перед походом-зашли, т.к. были рядом-на перекус. 
Фри неплохо, но ее трудно испортить. А сам донер ужасно 😢 Субстанция из куриных косточек и прожилок с картофелем в белом соусе. Единственное, хрустящий лаваш. 
Ребята, у вас такой классный шеф-вы его жестко подводите 😬
Меняйте поваров. 
Да, и цены на напитки тоже разочаровали."
142814880;На Есет батыра;Нурдаулет Бердибеков;3;2025-03-01;да;0;Порции стали меньше заказывал стандартный. Два месяца назад был больше.
142217337;На Есет батыра;Жаксылык Умаргалиев;1;2025-02-26;нет;0;Брал Дэч полный поражняк. Хлеб с порем соуса
141669882;На Есет батыра;Андрей Фоминов;1;2025-02-24;да;0;"Увидели заманчивую рекламу в инсте,решили сегодня поехать попробовать.
Локация удобная,концепция и меню интересное а вот исполнение на ноль
Донеры принесли добротного размера но картошка которая находилась внутри была явна не первой свежести. На это мы и сразу указали официанту который объяснился тем «что она у них лежит с утра в ведре» Позвали повара девушку которая сначала пыталась оправдать эту ситуацию,но в конце с нами согласилась за что ей спасибо. После происходящего официант и кассир долго звонили то админу то руководству но в итоге деньги все таки вернули."
141149644;На Есет батыра;Светлана Гатаулина;5;2025-02-22;да;0;Брала на днях донер, очень все понравилось. Все свежее и горячее . Донеры сочные , правда для меня немного солоновато , понравился необычный и острый вкус мексиканского донера, это теперь мой фаворит, тем кто любит поострее это самое то. Однозначно будем ещё заходить к вам.
140163701;На Есет батыра;Александр Владимирович;3;2025-02-17;нет;0;"Кассир оператор лапочка
Бургер топ
Стрипсы доберманчики или как там грудка соленая.
При просьбе протереть стол официант просто тупо со стола крошки скинул тряпкой на пол."
139505097;На Есет батыра;. _m1ud1;1;2025-02-14;нет;0;слишком жирный донер,за цену вообще не стоит,мясо невкусное твердое
139008722;На Есет батыра;Новый Akk;1;2025-02-11;да;0;Дамы жаманак
138289062;На Есет батыра;Zhake Jake;3;2025-02-08;нет;0;Донер лучший, но дэш как пицца с базара просто с необычным названием и подачей
134693723;На Есет батыра;Жан …;1;2025-01-19;нет;0;Кто кто хвалят , я не знаю почему . Купила Донер , лаваш сыпится , видно что донер не свежий , взяли и просто подогрели , вкус ни о чем . Внутри большие куски мяса , не мясо а хрящ какой-то . Спасибо , больше не приедем
133679817;На Есет батыра;Assem ✨️;5;2025-01-14;да;0;Вкусна
133437431;На Есет батыра;Мерей Жексенов;5;2025-01-13;да;0;Очень вкусный чикен!!!Спасибо.Ради этого и буду посещать
133351677;На Есет батыра;Татьяна Юдинцева;5;2025-01-12;да;0;Дэш очень вкусный особено Добермания просто идеал😍😊
133350970;На Есет батыра;Ekaterina;5;2025-01-12;да;0;Часто посещаем данное заведение. Сегодня 12.01.25 года зашли перекусить и попробовать бургеры. Заказ принесли довольно быстро. Бургеры вкусные, сытные, большие. Ко всему этому принесли подарочек. Новое блюдо ДЕШ грибной. Он невероятно вкусный 😍 спасибо большое этому заведению 💖
132834769;На Есет батыра;City spirit;5;2025-01-10;да;0;Заведение просто класс очень понравилось а блюда вапше😍 слов нет, буду приходить сюда по чаще советую😁❤️
132537628;На Есет батыра;Azamat ...;5;2025-01-09;да;0;Очень вкусные блюда❤ спасибо поворам за вкусный шедевр😍
131548567;На Есет батыра;Vladislav;5;2025-01-03;да;0;Одни из лучших в городе. Так держать!
131545381;На Есет батыра;Ольга Егорова;5;2025-01-03;да;0;Очень вкусно повара молодцы спасибо
130934982;На Есет батыра;Асель Туксумбаева;5;2024-12-30;да;0;"Очень понравилось 🥰 заведение. Приятный персонал
Донер с грибами пробовали впервые
Это божественно 
Советую попробовать 
Спасибо 🙏"
129817210;На Есет батыра;Саги Нагидолла;1;2024-12-25;нет;0;Больше не буду заказывать! Обслуживания 0! Еще и врзмущаються!!
129470486;На Есет батыра;Талгат Истеков;1;2024-12-23;да;0;Заказали донер, попался волос, хорошо попросили вежливо поменять на другой донер принесли вообще не тот донер и еле тёплый не понравилось контроль качества сервиса и обслуживание хромает очень к сожалению! Руководитель не справляется!
128099817;На Есет батыра;Лера Д;5;2024-12-17;да;0;Ну это пока одна из лучших донерных в нашем городе, я как фанат донера по приезде из России только ими и питаюсь и уже везде попробовала)) Нравится разнообразие вкусов, вкусный соус, хорошее обслуживание, но единственное пожалуйста сделайте дополнительно, чтобы можно было добавить сыр в донер например за 100 тг, очень не хватает сыра, а так же свежего красного лука тоже, так же можно за отдельную плату)) Вот за соленые огурцы отдельное спасибо!! НАКОНЕЦ-ТО КТО-ТО ДОДУМАЛСЯ! Процветания🙌🏼
127105978;На Есет батыра;Өтеу Ермукан;5;2024-12-12;да;0;🤮 не вкусно
126159523;На Есет батыра;Кайс Свага;5;2024-12-06;да;0;Лутшая донерка в Актобе
125785752;На Есет батыра;Томи говно;5;2024-12-04;да;0;хорошее обслуживание и приятный интерьер,донеры вкусные
125628300;На Есет батыра;Амина Лукпанова;5;2024-12-03;да;0;Уже несколько раз заказываем у вас доставку и пару раз приходили в заведение поесть, всегда все очень вкусно и быстро. Пробовали и донеры и шаверму и чикен, одним словом супер! Спасибо вам большое! Персонал тоже очень дружелюбный, атмосфера приятная :)
124466581;На Есет батыра;dako ❤️;5;2024-11-28;да;0;Донер тема🔥
121769066;На Есет батыра;Женечка КОВАЛКО;1;2024-11-14;нет;0;Здравствуйте. Заказали шаверму ассорти ,просто ужасная,ну ребят серьёзно ,пробуйте сами когда готовы это людям продать. Соленая, вместо красивого слова ГОВЯДИНА (ФАРШ,ЗАЧЕМ ОН ТАМ?!!) Соус просто выливается ,одним словом разочаровали. Ну страшнее я не видела исполнения.(((
121767491;На Есет батыра;Айдар Жусупов;1;2024-11-14;нет;0;"Добрый вечер
Решили впервые попробовать заказать Донер с собой 
Взяли шаверму ассорти , во первых за место мяса оказался фарш пережаренный,во вторых соуса через чур много вылевается ,в третьих лаваш до того передержал или он такой у них сухой что сыпется ломается не возможно есть ....итог спасибо канешно но это был первый и последний раз"
120548084;На Есет батыра;Salta Mussayeva;5;2024-11-08;да;0;донер🫰🏻😍👏🏻🔥🔥🔥
120543660;На Есет батыра;Асемгуль Рахмет;5;2024-11-08;да;0;Попробовали шаверму фирменную, ооочень вкусно, понравилось, начинка сочная, теперь будем здесь покупать)))
119243754;На Есет батыра;Аскар С.;1;2024-10-31;да;0;Заведение ужас. Донер фирменный безвкусный. Хот-дог отвратительный, холодный, как будто с холодильника достали, сосиска сгоревшая, вся разорванная и маленькая. Фри пожарено в черном масле, темное, с запахом гари. Больше сюда ни ногой. Что с Добер Донером? В сравнении с точкой на Жубановых, разница громадная. Кто готовит в точке на Есет батыра, прохожие с улицы?!
119049860;На Есет батыра;Лиза Глуздова;5;2024-10-30;да;0;пришли сегодня в первый раз, очень вкусный Донер, много начинки и очень сочный. Персонал приветливый и вежливый, интерьер интересный. Из всех донеров в городе Добер Донер самый вкусный. Мы рады, что возле дома открылось такое классное заведение. Держите марку!
118535392;На Есет батыра;Ри Джи;5;2024-10-27;да;0;Вкусно 🤤 интерьер,обслуживание,блюда 🔥🤌🏻 еще и рядом с домом
117839364;На Есет батыра;Айбар ?;5;2024-10-24;да;0;Очень качественный интерьер, будто бы дома сижу. Стоит поработать над логотипом и цветом букв. Еда вкусная
116858295;На Есет батыра;Юлия Патынга;5;2024-10-18;да;0;Персонал кафе очень приветливый. Хотелось бы выделить повара и сказать ему отдельное спасибо за столь вкусную еду👍🏻
116775196;На Есет батыра;Елена Юрьевна;5;2024-10-18;да;0;Бургер с грибами вообще огонь 🔥 уже года 2 заказываю и новая точка не подкачала, молодцы 🔥❤️
116576813;На Есет батыра;Smdr Slm;2;2024-10-17;нет;0;Очень чистенькое место, для донерки, но Донер нам принесли холодный внутри , попросили сказали что он холодный сказали разогреют , от этих слов аппетит пропал 🤪Было обидно так как пришли для того чтобы горячий поесть , а он был холодный , после нам разогрели, и было как то не очень кушать разогретый Донер, было мало мяса если сравнивать точку на 11мкр(выше для сравнения Донер с точки 11 мкр и с точки есет батыра)
116562689;На Есет батыра;Dias Dias;1;2024-10-16;нет;0;Вкусно очень,доберманское мясо😋
115461387;На Есет батыра;Yerdos Kuda poiti gulyat?;4;2024-10-11;да;0;"Все нормально донер)
 говядина фарш.
Интерьер комната стандарт.
ничего не обнаружена нет! все окей"
114769495;На Есет батыра;Есет Актюбинский;4;2024-10-06;да;0;"В целом нормально. Ожидал большего от ""фирменного"" донера, но достаточно хорошо. Возможно стоит попробовать базовые варианты. Размер большой, начинки много, но это в основном капуста/фри. Ожидание 15-20 минут."
114580768;На Есет батыра;Ukum Puluhu;5;2024-10-05;да;0;"Вкусный донер
Красивый и уютный интерьер
Хорошее обслуживание"
114138143;На Есет батыра;Аман Айбергенов;5;2024-10-02;да;0;іші әдемі тағамдары дәмді👍👍
297917601;В City Shopping Center;Roman;5;2026-09-19;да;0;Афигенный Донер
296551757;В City Shopping Center;Abilov A.;5;2026-09-13;да;0;норм
296270112;В City Shopping Center;Diana Yessengali;1;2026-09-12;да;0;Узак ожидание жарты сагат 40 минуттап кутесин бир донерды и кымбат🤦🏻‍♀️🤦🏻‍♀️
295831243;В City Shopping Center;Айсултан Егизбаев;5;2026-09-10;да;0;Супер🔥
295684845;В City Shopping Center;Финик .;5;2026-09-10;да;0;Самый лучший заведение. Все вкусно чисто. Уютно. Лучшие
295681113;В City Shopping Center;Удалённый Стрим Хочу пожрать VS Полное TV;5;2026-09-10;да;0;Очень вкусный Донер, делают быстро.
295677579;В City Shopping Center;Юлия Нагиева;5;2026-09-10;да;0;"Все оооочень вкусно,все остались в восторге
Всем рекомендую 👍"
295676977;В City Shopping Center;Telefon 15;5;2026-09-10;да;0;Одни из лучших бургеров в городе
294853933;В City Shopping Center;Даниял Z;5;2026-09-07;да;0;очень вкусно
294252894;В City Shopping Center;Ирина Долгова;5;2026-09-05;да;0;Хорошее заведение, классный сервис, молодцы, стараются, рекомендую🔝🔥🔥
294099106;В City Shopping Center;Каерхан Аханов;5;2026-09-04;да;0;Четка четка
294052609;В City Shopping Center;l .;5;2026-09-04;да;0;Очень вкусно
293999300;В City Shopping Center;Нурзакон🐶 .;5;2026-09-04;да;0;"Донерлері өте дәмді,таза уқыпты 
Маган катты унады👍"
293967616;В City Shopping Center;Nurdaulet Uzakbay;5;2026-09-04;да;0;Классное заведение, чисто ,приятно, уютно и вкусно
273324331;В City Shopping Center;~Tamsy Caines🧵~;5;2026-08-28;да;0;"Мне понравилось картошка, очень вкусная♡ 
 я решила девушки за прилавком небольшой милый стикер для поднятие настроение, надеюсь у нее будет все в порядке!
^^"
272667972;В City Shopping Center;Дінмұхаммед Альберт;5;2026-08-26;да;0;имба донер
271429977;В City Shopping Center;даникош 💐;1;2026-08-23;да;0;бугын алганмын обедте енды ышым ауырып жатыр соусы не то кетчуппа арласкан 🤮 жакпай калды
271388109;В City Shopping Center;А С;1;2026-08-22;да;0;ужас бугин жеп едим ишим аурып коймай тур енди 👎👎👎👎
270719044;В City Shopping Center;Adi Ади;1;2026-08-21;да;0;Тым қымбат. Ол ақшаға басқа жақтан ішкен дұрыс. Кола 1л цена я в шоке. Лучше damdi, doner kz, na Abaya круче
270517242;В City Shopping Center;Али Жанаев;1;2026-08-20;да;0;Фкусно но даонер маленки и очень дорого не советую
270030274;В City Shopping Center;Павел Овсяник;5;2026-08-18;да;0;Dober это стиль
269009418;В City Shopping Center;Кристина Чёрная;5;2026-08-15;да;0;Всегда заказываем только у вас! Всё вкусно, быстро и по хорошим ценам. Ещё и новая локация очень удобная
268447417;В City Shopping Center;Алия;5;2026-08-14;да;0;Очень всё вкусно сервис и обслуживание на высоте всё по приятным ценам!
268154672;В City Shopping Center;Артем Тарасюк;5;2026-08-13;да;0;Чёткие бургеры очень вкусно , сервис на высоте!!! Всем рекомендую не пожалеете 👍🏼👍🏼👍🏼 семья довольная и не голодная 😃😃😃
267310097;В City Shopping Center;Derya S;5;2026-08-11;да;0;самый вкусные донеры в городе 🔥
267461827;В City Shopping Center;Ayn Kultayeva;5;2026-08-11;да;0;Вкусный сочный донер, лаваш тонкий хрустящий, курицу не жалеют, понравилось
267415819;В City Shopping Center;Арсен Курманалин;5;2026-08-11;да;0;Очень вкусные бургеры, и цена приемлемая, сервис хороший, мне понравилось, кстати часто заказываю отсюда, быстро доставляют
267404110;В City Shopping Center;Валентина Швец;5;2026-08-11;да;0;Очень вкусно, сочно, сытно и много начинки👍🏽 советую
267404312;В City Shopping Center;MK MK;5;2026-08-11;да;0;Все понравилось,готовят быстро Вкусные ,сочные бургеры ♥️🔥
267403904;В City Shopping Center;Хава Ташбулатова;5;2026-08-11;да;0;"Самые вкусные бургеры и мощные
Цена соответствует качеству🔥"
267365137;В City Shopping Center;Маргулан Маке;5;2026-08-11;да;0;Отличный донер. Приготовили быстро.
267349366;В City Shopping Center;Слава Филипович;5;2026-08-11;да;0;Отличная донерка ,всем советую 👍👍👍 чисто,уютно и ВКУСНО 🔥🔥🔥
267349099;В City Shopping Center;Алина Бекенова;5;2026-08-11;да;0;Очень вкусно 👍🏻 всем советую
267338937;В City Shopping Center;Oxana Nachevskaya;5;2026-08-11;да;0;Продукты свежие, все вкусно 🤤 Спасибо! Придем еще 👏
267338056;В City Shopping Center;Zhanibek Panin;5;2026-08-11;да;0;Мощные донеры 👍🏼
267338027;В City Shopping Center;Люблюсик .;5;2026-08-11;да;0;"То место куда захочется возвращаться✨
Очень вкусно и опрятно 👍👍👍"
267337135;В City Shopping Center;Nurlan Denessin;5;2026-08-11;да;0;Дәмді донер
267336915;В City Shopping Center;нурик шабилов;5;2026-08-11;да;0;🔥🔥🔥
267336515;В City Shopping Center;Арман Б;5;2026-08-11;да;0;Классное заведение ,чисто ,приятно,уютно и вкусно
267334131;В City Shopping Center;Марина Кинсфатор;5;2026-08-11;да;0;Отличное заведение, все очень вкусно,чисто,приятно отдыхать в такой атмосфере
267321069;В City Shopping Center;Alisher S;5;2026-08-11;да;0;Сочный и очень вкусный, повара знают свое дело, 👍🏻 спасибо большое за незабываемые вкусовые рецепторы
267311965;В City Shopping Center;Дан Нурдаулетов;5;2026-08-11;да;0;👍👍👍👍👍👍👍👍👍👍👍👍👍
267310515;В City Shopping Center;Орландо Блум;5;2026-08-11;да;0;Вот это донер по-актюбински: мясо — как надо, соус — от души, порция — без жадности. Один взял — второй уже сам просится 😎🔥
267310201;В City Shopping Center;stefan s;5;2026-08-11;да;0;👍👍😍
267308815;В City Shopping Center;Виктория М;5;2026-08-11;да;0;Вкусно,отличное обслуживание,быстро,чисто,все новое. Самые ыкусные бургеры из всех
267308744;В City Shopping Center;Айдар Камиев;5;2026-08-11;да;0;Очень вкусно,советую попробывать Чикаго блюз
267309077;В City Shopping Center;Алишер Сапар;5;2026-08-11;да;0;Самые вкусные донеры,бургеры просто топ 🫠спасибо ребята,кайфанул
267307053;В City Shopping Center;Абай Абай;5;2026-08-11;да;0;Великолепно. Лучшие донеры ! Очень понравилось что у донеры можно персонализировать.
267306033;В City Shopping Center;R Y;5;2026-08-11;да;0;Лучшие донеры и бургеры 🍔
267300536;В City Shopping Center;Ри Джи;5;2026-08-11;да;0;Вкусно,душевно,быстро
297695367;В Хромтау;Kami La;1;2026-09-18;нет;0;Обслуживали неохотно и грубо
297043091;В Хромтау;Нурхан َ;5;2026-09-15;да;0;классно
296787289;В Хромтау;A🪼;5;2026-09-15;нет;0;.
295693185;В Хромтау;Айгерим .;1;2026-09-10;да;0;Обслуживание вообще 0, кассирша грубая не хочет даже обслуживать
294508966;В Хромтау;Кымбат Адильбек;1;2026-09-05;да;0;Бургеры совсем ужасно готовят. Донер который с сосисками с плёнкой готовят. Насчет бургера это ужас, заказала обычный куриный бургер с сыром. Соуса черезчур много и остроты много и вообще не вкусно. А вот в городе в Актюбинске там готовят супер. Туда слов нет что бургер что донер все вкусно. Но именно здесь в Хромтау бургеры это ужасно.
269062920;В Хромтау;Panabek Aben;5;2026-08-16;да;0;Обслуживание на высшем уровне
267231021;В Хромтау;Rustam Tlepkaliev;5;2026-08-11;да;0;Идиально
266951105;В Хромтау;Vasua _04;5;2026-08-10;нет;0;👍👍👍
260712340;В Хромтау;қуан ⬅️;1;2026-07-23;да;0;Қазақша қызымет көрсетпеиді
250835603;В Хромтау;Дина Прохорова;1;2026-06-17;да;0;"К сожалению, качество заведения заметно ухудшилось. Заказанный чикен выглядел совсем неаппетитно: подгоревшая панировка, неаккуратная подача. На вкус было ощущение, что блюдо готовили на старом масле — присутствовал неприятный прогорклый привкус, который полностью испортил впечатление от еды.

Раньше здесь готовили намного лучше, поэтому особенно обидно видеть такое снижение качества. Складывается впечатление, что заведению перестали уделять должное внимание продуктам и приготовлению. Надеюсь, руководство обратит внимание на отзывы гостей и вернет прежний уровень качества."
250619366;В Хромтау;Айжамал Олегова;3;2026-06-17;да;0;Постоянно ничего нет из меню. Донер говяжий как можно делать из фарша не понимаю👎
250312929;В Хромтау;Irina Ponomaryova;5;2026-06-15;да;0;"Обслуживание быстрое, доставка тоже. Заказывала под закрытие филиала - без проблем приняли заказ. 
Донер достаточно вкусный, но «дымка» будто многовато:)"
249378716;В Хромтау;Саня Шибков;5;2026-06-11;да;0;Заведение супер
247050327;В Хромтау;Sakeen;3;2026-06-02;да;0;Обслужуа не очень и девочка грубая.
245429169;В Хромтау;Адемы Туреханова;5;2026-05-27;да;0;Всегда заказываю,отлично
241529640;В Хромтау;Aknur Baidullaeva;2;2026-05-10;да;0;Осы жақында бардық кассадағы қызға қазақша сөйлесең түсініп тұр бәрін бірақ орысша айтсаң жауап қайтарады .Менюге көп зат жазып қойған не сұрасаңда жоқ!
237148838;В Хромтау;Гулдаурен Нурмаханова;5;2026-04-20;да;0;Донер вкусный был,спасибо❤️,покупаю у добер донер самые лучшие😍
234724777;В Хромтау;А А;3;2026-04-08;да;0;Қазақша қызмет көрсетілмейді, менің қазақша айтқаныма орысша жауап берді! ҚР “Тіл туралы” заңы, 4-бап, 5-бап, 21-бап!
227612644;В Хромтау;Адиат Сактаганов;1;2026-03-08;да;0;невкусно раньше было лучше
219444763;В Хромтау;Саня к;5;2026-02-15;да;0;вкусно
205109187;В Хромтау;ERS Omirzakov;4;2025-12-11;да;0;Долго приготовил. А тк Вкусно
203330997;В Хромтау;Асылбек Омар;1;2025-12-02;да;0;Сағат 03:00 дин жұмыс жасамасан дар уақытын өзгертіп қойсан дарш адамды әуре қылмай жауап берми
202708253;В Хромтау;Aziza Kassenova;5;2025-11-28;да;0;Вчера кушала там донер, очень сочный и вкусный мне понравился.
201867576;В Хромтау;Assem Zhonyssova;2;2025-11-24;да;0;Не понравилась шаурма, в фарше попадаются жилки, чикен безвкусное, заказала 1 л айрана принесли 300г даже не предупредив, в городе заказывала несколько раз всегда все устраивало, здесь разочаровалась.
176613279;В Хромтау;Айгуль Лукпанова;5;2025-08-05;да;0;Вкусная шаурма
169622665;В Хромтау;Li Ts;5;2025-07-05;да;0;Лучший кассир! Донеры очень вкусные и сочные! Персонал на высшем уровне
169218921;В Хромтау;Aslan Aslan;5;2025-07-04;да;0;👌👍👍👍 Бургеры тема. Отличное заведение.
149946679;В Хромтау;Sabvei;2;2025-04-05;нет;0;Заказывал сырный дали стандарт обычны там сыра вообще нет
144672039;В Хромтау;Дианка .;5;2025-03-11;да;0;Все вкусно
143915167;В Хромтау;Laura Yertayeva;1;2025-03-07;нет;0;Донер ужасный дәмі жоқ ішіндегі фри күйіп кеткен, помой сияхты әр нарсені қосқан ішіне, заказ бермей ақ қойың!
140875671;В Хромтау;Честно Сердито;4;2025-02-20;да;0;"Заказывали шаурму 21.02.25. К самой шаурме никаких претензий — всё было вкусно. Однако доставка заняла больше заявленного времени: администратор сообщила, что приготовление и доставка займут 20-25 минут, но в итоге заказ прибыл через 35-40 минут. Это не критично, но в следующий раз указывайте время более точно.

Также произошла небольшая путаница — привезли шаурму с другим составом. Я сразу заметил ошибку, написал администрации, приложил видео. Реакция была быстрой: через пару минут мне предложили переделать заказ, а ещё через 20 минут привезли нужную шаурму.

Отдельная благодарность администрации Dober Doner за оперативное решение вопроса и клиентоориентированность! Ошибки случаются, но главное — как их исправляют. Будем заказывать у вас снова!"
139692265;В Хромтау;Алибек Шамшатов;5;2025-02-15;да;0;Вкусный большой донер
138261096;В Хромтау;arlan4hik Aitimov;5;2025-02-07;да;0;Мне очень понравился донер он очень вкусный соус ваще тема персонал тама отличный улыбчивые все
138138054;В Хромтау;kai kameosaw;5;2025-02-07;да;0;Нихуёвый донер пипец как вкусно
137742141;В Хромтау;ульяша 🐝;5;2025-02-04;да;0;донер бомба
137741301;В Хромтау;Женек 🦍;5;2025-02-04;да;0;Обслуживание высшее
137600545;В Хромтау;Нурба Великолепный;5;2025-02-04;да;0;Донер готовит человек с тяжелыми золотыми руками кекс короче
137593333;В Хромтау;hopelesslydevoteddd “””;5;2025-02-04;да;0;рома класс
136258225;В Хромтау;Dmitriy Kuleznev;5;2025-01-28;да;0;Добер уже легенда!
136233822;В Хромтау;Назым .;5;2025-01-28;да;0;"здравствуйте! классный донер🤩 все очень понравилось! просто супер 
обслуживание также достойно похвалы 😚 веселые ребята , молодцы 👏🏽"
135307274;В Хромтау;🦊;5;2025-01-23;да;0;tema navernoe
132551811;В Хромтау;Тугис сонып тур;5;2025-01-09;да;0;Джиги донер куштты тема унады ахуитилно
132326717;В Хромтау;Рома Черныш;5;2025-01-07;да;0;кайф донеры
129817040;В Хромтау;Саги Нагидолла;1;2024-12-25;нет;0;Только цены поднимать умееют но ноль понимания клиентов!!!
120538338;В Хромтау;Нурхан;5;2024-11-08;да;0;"Күшті екен!
Жақсы екен емәәә!"
119930243;В Хромтау;Ри Джи;5;2024-11-04;да;0;Очень вкусно
119514487;В Хромтау;Тимофей Т;5;2024-11-02;да;0;Сочно , вкусно
